"","gender","age_group"
"1",1,5
"2",2,4
"3",1,4
"4",1,6
"5",1,4
"6",1,3
"7",1,6
"8",1,3
"9",1,4
"10",1,3
"11",1,4
"12",1,4
"13",1,6
"14",1,3
"15",1,3
"16",1,2
"17",1,5
"18",1,4
"19",1,5
"20",1,3
"21",1,5
"22",1,4
"23",NA,NA
"24",1,4
"25",1,4
"26",1,5
"27",1,4
"28",1,4
"29",1,6
"30",1,3
"31",1,3
"32",1,4
"33",1,6
"34",1,5
"35",1,4
"36",1,3
"37",1,3
"38",1,2
"39",1,4
"40",1,4
"41",2,4
"42",1,3
"43",1,4
"44",1,4
"45",1,3
"46",1,5
"47",NA,NA
"48",1,3
"49",1,4
"50",1,4
"51",1,4
"52",1,3
"53",1,5
"54",1,6
"55",1,5
"56",1,4
"57",NA,NA
"58",1,5
"59",1,4
"60",1,3
"61",1,4
"62",1,3
"63",NA,NA
"64",1,4
"65",1,5
"66",1,3
"67",1,5
"68",1,4
"69",1,4
"70",1,6
"71",1,4
"72",1,3
"73",1,4
"74",1,4
"75",1,3
"76",1,5
"77",1,5
"78",1,4
"79",1,2
"80",1,2
"81",1,2
"82",NA,NA
"83",1,4
"84",1,3
"85",1,3
"86",1,4
"87",1,5
"88",1,4
"89",1,5
"90",1,3
"91",1,4
"92",1,4
"93",1,3
"94",1,4
"95",1,4
"96",1,4
"97",1,4
"98",1,3
"99",1,5
"100",2,1
"101",1,2
"102",1,2
"103",1,6
"104",1,4
"105",1,4
"106",1,4
"107",1,2
"108",1,4
"109",1,6
"110",1,4
"111",1,4
"112",1,3
"113",1,3
"114",1,3
"115",1,5
"116",1,4
"117",1,2
"118",1,3
"119",1,4
"120",2,3
"121",1,5
"122",1,4
"123",1,4
"124",1,3
"125",1,5
"126",1,4
"127",1,6
"128",1,4
"129",1,5
"130",1,2
"131",NA,3
"132",NA,NA
"133",1,6
"134",1,6
"135",1,3
"136",1,3
"137",1,4
"138",1,3
"139",1,4
"140",1,3
"141",1,6
"142",1,3
"143",1,4
"144",1,4
"145",1,4
"146",NA,5
"147",1,2
"148",1,4
"149",1,6
"150",1,4
"151",1,5
"152",1,3
"153",1,5
"154",1,6
"155",1,4
"156",1,4
"157",1,4
"158",1,4
"159",1,5
"160",1,5
"161",1,3
"162",1,2
"163",1,4
"164",1,3
"165",2,3
"166",1,4
"167",1,2
"168",1,2
"169",1,4
"170",1,6
"171",1,4
"172",1,5
"173",1,4
"174",1,4
"175",1,3
"176",1,4
"177",1,4
"178",1,5
"179",1,3
"180",1,4
"181",1,4
"182",1,4
"183",1,3
"184",1,3
"185",1,2
"186",1,4
"187",1,2
"188",NA,NA
"189",1,3
"190",1,3
"191",NA,NA
"192",1,5
"193",1,4
"194",1,6
"195",1,4
"196",NA,NA
"197",NA,NA
"198",1,3
"199",1,4
"200",1,5
"201",1,5
"202",1,4
"203",1,5
"204",NA,4
"205",1,5
"206",1,3
"207",1,5
"208",1,1
"209",1,3
"210",1,4
"211",1,4
"212",1,4
"213",1,4
"214",1,5
"215",NA,NA
"216",1,3
"217",1,4
"218",1,5
"219",NA,NA
"220",1,2
"221",NA,NA
"222",1,4
"223",1,2
"224",1,5
"225",1,4
"226",1,2
"227",1,4
"228",2,5
"229",1,2
"230",1,5
"231",1,3
"232",1,4
"233",1,4
"234",NA,NA
"235",1,4
"236",1,3
"237",1,4
"238",1,4
"239",1,5
"240",1,2
"241",1,3
"242",1,4
"243",1,2
"244",1,3
"245",1,3
"246",1,4
"247",1,2
"248",1,4
"249",1,3
"250",1,4
"251",1,4
"252",2,4
"253",1,4
"254",1,4
"255",1,5
"256",1,4
"257",1,4
"258",1,5
"259",1,4
"260",1,5
"261",NA,NA
"262",NA,4
"263",1,6
"264",NA,NA
"265",1,4
"266",1,4
"267",1,5
"268",1,5
"269",1,4
"270",1,3
"271",NA,NA
"272",1,2
"273",1,4
"274",1,4
"275",1,4
"276",1,4
"277",1,4
"278",1,4
"279",1,5
"280",2,4
"281",1,5
"282",1,4
"283",1,2
"284",3,2
"285",1,3
"286",1,1
"287",1,5
"288",1,5
"289",1,3
"290",1,4
"291",1,4
"292",1,3
"293",1,5
"294",1,6
"295",1,4
"296",1,4
"297",1,5
"298",1,3
"299",1,6
"300",1,6
"301",1,6
"302",1,3
"303",1,2
"304",1,3
"305",2,3
"306",1,4
"307",1,3
"308",1,6
"309",1,4
"310",1,3
"311",1,4
"312",1,3
"313",1,3
"314",1,6
"315",1,6
"316",1,4
"317",1,3
"318",1,3
"319",1,2
"320",1,3
"321",1,4
"322",1,3
"323",1,3
"324",1,5
"325",1,2
"326",1,4
"327",1,4
"328",1,4
"329",1,4
"330",1,5
"331",1,3
"332",1,4
"333",1,4
"334",1,5
"335",NA,NA
"336",1,4
"337",1,6
"338",NA,NA
"339",2,3
"340",1,2
"341",1,3
"342",1,4
"343",1,4
"344",2,5
"345",1,5
"346",1,2
"347",1,6
"348",1,5
"349",1,4
"350",NA,NA
"351",1,4
"352",1,4
"353",1,2
"354",1,3
"355",1,3
"356",NA,NA
"357",1,3
"358",1,2
"359",1,2
"360",1,5
"361",1,5
"362",1,2
"363",1,4
"364",1,3
"365",1,4
"366",1,4
"367",1,4
"368",1,4
"369",1,4
"370",1,5
"371",1,3
"372",1,4
"373",1,3
"374",NA,NA
"375",1,4
"376",1,4
"377",1,2
"378",1,5
"379",1,2
"380",1,3
"381",1,6
"382",1,4
"383",1,4
"384",1,2
"385",1,6
"386",1,4
"387",1,4
"388",1,3
"389",1,5
"390",1,4
"391",1,5
"392",NA,NA
"393",1,3
"394",1,6
"395",1,5
"396",1,4
"397",1,3
"398",1,3
"399",1,2
"400",1,5
"401",1,5
"402",1,4
"403",NA,NA
"404",1,4
"405",1,5
"406",1,4
"407",1,2
"408",1,4
"409",1,5
"410",1,2
"411",1,3
"412",1,4
"413",1,5
"414",1,4
"415",1,4
"416",1,3
"417",1,2
"418",1,4
"419",NA,NA
"420",1,5
"421",1,4
"422",1,4
"423",1,4
"424",1,3
"425",1,4
"426",1,6
"427",1,3
"428",1,2
"429",1,5
"430",1,NA
"431",1,4
"432",NA,NA
"433",1,4
"434",1,4
"435",1,5
"436",2,4
"437",1,3
"438",1,4
"439",1,4
"440",1,6
"441",1,4
"442",1,4
"443",1,1
"444",1,3
"445",1,4
"446",1,4
"447",1,3
"448",1,4
"449",1,3
"450",1,4
"451",1,4
"452",1,2
"453",1,4
"454",1,3
"455",1,5
"456",1,2
"457",1,5
"458",1,5
"459",1,4
"460",1,4
"461",1,5
"462",1,2
"463",1,3
"464",1,5
"465",1,5
"466",1,6
"467",1,5
"468",NA,NA
"469",1,5
"470",1,3
"471",1,4
"472",1,2
"473",1,4
"474",1,1
"475",1,5
"476",1,4
"477",1,5
"478",1,4
"479",1,2
"480",1,5
"481",NA,NA
"482",1,5
"483",1,3
"484",1,4
"485",1,5
"486",1,3
"487",NA,4
"488",NA,NA
"489",1,2
"490",1,4
"491",1,4
"492",1,6
"493",NA,NA
"494",1,6
"495",1,4
"496",1,4
"497",1,4
"498",1,4
"499",1,3
"500",NA,NA
"501",1,3
"502",2,4
"503",1,4
"504",1,3
"505",1,4
"506",1,6
"507",1,4
"508",NA,NA
"509",1,4
"510",1,3
"511",1,4
"512",1,4
"513",1,2
"514",1,4
"515",1,3
"516",1,3
"517",1,5
"518",1,5
"519",2,5
"520",2,4
"521",1,5
"522",1,6
"523",1,6
"524",1,5
"525",1,5
"526",1,5
"527",1,5
"528",1,4
"529",1,2
"530",1,3
"531",1,4
"532",1,5
"533",1,3
"534",1,4
"535",1,5
"536",1,5
"537",1,4
"538",1,5
"539",1,4
"540",1,5
"541",NA,NA
"542",NA,NA
"543",1,5
"544",1,3
"545",1,4
"546",1,2
"547",1,5
"548",1,4
"549",1,4
"550",NA,NA
"551",1,6
"552",1,5
"553",1,2
"554",1,4
"555",2,5
"556",1,3
"557",1,2
"558",1,3
"559",1,4
"560",1,4
"561",1,5
"562",1,4
"563",1,4
"564",1,5
"565",2,1
"566",1,1
"567",1,4
"568",1,3
"569",1,3
"570",NA,NA
"571",1,2
"572",NA,NA
"573",1,4
"574",1,5
"575",1,4
"576",1,3
"577",1,3
"578",1,4
"579",NA,NA
"580",1,4
"581",1,4
"582",1,2
"583",1,5
"584",1,5
"585",1,4
"586",1,2
"587",1,3
"588",1,4
"589",1,4
"590",1,5
"591",1,4
"592",1,3
"593",1,4
"594",1,3
"595",1,2
"596",1,6
"597",1,4
"598",1,4
"599",NA,NA
"600",1,5
"601",1,4
"602",1,2
"603",1,2
"604",1,4
"605",1,4
"606",1,5
"607",1,5
"608",NA,NA
"609",1,2
"610",1,3
"611",1,3
"612",1,2
"613",1,6
"614",1,3
"615",1,4
"616",1,5
"617",1,4
"618",1,4
"619",1,4
"620",1,6
"621",1,4
"622",NA,NA
"623",1,3
"624",1,4
"625",1,4
"626",1,3
"627",1,3
"628",1,5
"629",1,4
"630",NA,NA
"631",1,4
"632",1,5
"633",1,4
"634",1,3
"635",1,1
"636",1,4
"637",NA,NA
"638",1,3
"639",1,3
"640",1,3
"641",1,4
"642",1,4
"643",1,6
"644",1,5
"645",1,5
"646",1,5
"647",2,4
"648",1,1
"649",1,4
"650",1,4
"651",NA,NA
"652",1,3
"653",1,3
"654",1,6
"655",1,3
"656",1,4
"657",1,6
"658",1,4
"659",1,5
"660",1,4
"661",NA,NA
"662",1,2
"663",1,4
"664",1,5
"665",1,4
"666",1,5
"667",1,4
"668",1,5
"669",1,4
"670",1,3
"671",1,5
"672",1,4
"673",1,5
"674",1,5
"675",1,5
"676",1,5
"677",1,4
"678",1,1
"679",1,2
"680",1,5
"681",1,3
"682",1,1
"683",1,4
"684",1,3
"685",1,3
"686",1,2
"687",1,2
"688",1,4
"689",1,5
"690",1,3
"691",1,4
"692",2,2
"693",1,4
"694",1,4
"695",1,2
"696",1,4
"697",1,5
"698",1,3
"699",1,4
"700",1,3
"701",1,3
"702",1,2
"703",1,5
"704",1,3
"705",1,4
"706",1,3
"707",1,5
"708",1,3
"709",1,3
"710",NA,NA
"711",NA,NA
"712",NA,NA
"713",1,3
"714",1,3
"715",1,5
"716",1,6
"717",1,4
"718",1,4
"719",1,1
"720",1,3
"721",1,4
"722",1,2
"723",1,5
"724",2,5
"725",1,3
"726",1,4
"727",1,5
"728",1,5
"729",1,5
"730",1,6
"731",1,4
"732",1,3
"733",1,4
"734",1,3
"735",1,3
"736",1,4
"737",1,3
"738",1,3
"739",1,4
"740",1,4
"741",1,4
"742",3,5
"743",1,2
"744",1,4
"745",1,4
"746",1,5
"747",1,4
"748",1,5
"749",1,2
"750",1,4
"751",1,3
"752",1,4
"753",1,3
"754",1,4
"755",1,2
"756",1,3
"757",1,5
"758",1,2
"759",2,3
"760",NA,NA
"761",1,3
"762",1,3
"763",1,4
"764",NA,NA
"765",1,4
"766",1,3
"767",1,5
"768",1,2
"769",1,3
"770",1,4
"771",1,4
"772",1,5
"773",1,4
"774",1,6
"775",1,3
"776",1,4
"777",1,3
"778",1,3
"779",1,4
"780",1,3
"781",1,2
"782",1,4
"783",1,3
"784",1,4
"785",1,2
"786",1,4
"787",1,4
"788",1,4
"789",1,2
"790",1,3
"791",1,5
"792",1,4
"793",NA,NA
"794",NA,4
"795",1,4
"796",1,3
"797",1,5
"798",1,3
"799",1,4
"800",1,5
"801",1,4
"802",1,4
"803",1,4
"804",1,4
"805",1,4
"806",1,4
"807",1,5
"808",1,4
"809",1,2
"810",1,4
"811",2,4
"812",1,4
"813",1,5
"814",1,2
"815",1,6
"816",1,4
"817",1,5
"818",1,5
"819",1,3
"820",1,4
"821",1,4
"822",1,5
"823",1,2
"824",3,3
"825",2,2
"826",1,3
"827",1,4
"828",1,2
"829",1,4
"830",1,3
"831",1,4
"832",1,1
"833",1,5
"834",1,5
"835",1,3
"836",1,5
"837",NA,NA
"838",1,3
"839",1,4
"840",1,3
"841",1,5
"842",1,2
"843",2,2
"844",1,4
"845",NA,NA
"846",1,4
"847",1,6
"848",1,3
"849",1,3
"850",NA,NA
"851",1,4
"852",1,4
"853",1,5
"854",1,4
"855",1,4
"856",2,4
"857",1,5
"858",1,4
"859",1,3
"860",1,1
"861",1,1
"862",1,5
"863",1,4
"864",1,4
"865",1,2
"866",1,6
"867",NA,NA
"868",1,4
"869",1,4
"870",1,3
"871",1,4
"872",1,4
"873",2,2
"874",1,3
"875",NA,NA
"876",1,5
"877",1,4
"878",NA,NA
"879",1,4
"880",NA,NA
"881",1,1
"882",1,2
"883",1,3
"884",1,4
"885",1,2
"886",1,3
"887",1,4
"888",1,4
"889",1,4
"890",1,5
"891",1,2
"892",1,4
"893",1,4
"894",1,3
"895",1,2
"896",1,4
"897",1,4
"898",1,5
"899",1,2
"900",1,4
"901",1,4
"902",NA,NA
"903",1,3
"904",1,5
"905",1,2
"906",1,4
"907",1,6
"908",1,4
"909",1,4
"910",1,4
"911",1,4
"912",1,5
"913",1,2
"914",NA,NA
"915",1,4
"916",NA,NA
"917",1,5
"918",NA,2
"919",1,6
"920",1,5
"921",1,4
"922",1,5
"923",1,4
"924",1,4
"925",1,2
"926",1,4
"927",1,2
"928",1,6
"929",1,5
"930",1,2
"931",1,5
"932",1,4
"933",1,2
"934",1,2
"935",1,5
"936",1,4
"937",NA,NA
"938",1,4
"939",1,4
"940",1,5
"941",1,5
"942",1,3
"943",1,3
"944",1,2
"945",1,4
"946",1,4
"947",2,3
"948",1,3
"949",1,5
"950",1,3
"951",1,2
"952",1,5
"953",NA,NA
"954",1,6
"955",1,5
"956",1,5
"957",NA,6
"958",2,2
"959",1,4
"960",1,4
"961",1,4
"962",1,3
"963",1,3
"964",1,4
"965",NA,NA
"966",1,4
"967",1,4
"968",1,4
"969",1,4
"970",1,5
"971",1,3
"972",1,4
"973",1,4
"974",1,3
"975",1,4
"976",1,4
"977",1,3
"978",1,4
"979",1,4
"980",1,5
"981",NA,NA
"982",1,1
"983",1,5
"984",1,4
"985",1,3
"986",NA,3
"987",1,4
"988",1,3
"989",1,3
"990",1,4
"991",NA,NA
"992",1,5
"993",NA,NA
"994",1,2
"995",NA,NA
"996",1,4
"997",1,4
"998",1,4
"999",1,2
"1000",1,5
"1001",1,4
"1002",1,4
"1003",1,4
"1004",1,4
"1005",1,4
"1006",1,6
"1007",1,5
"1008",NA,4
"1009",1,4
"1010",1,5
"1011",1,3
"1012",1,5
"1013",1,2
"1014",1,3
"1015",1,4
"1016",1,4
"1017",1,4
"1018",1,3
"1019",1,4
"1020",1,4
"1021",1,2
"1022",1,3
"1023",1,4
"1024",1,5
"1025",1,4
"1026",1,4
"1027",1,4
"1028",1,5
"1029",1,4
"1030",1,4
"1031",1,3
"1032",1,2
"1033",1,6
"1034",1,3
"1035",NA,NA
"1036",1,3
"1037",1,3
"1038",1,6
"1039",1,4
"1040",1,4
"1041",1,5
"1042",1,3
"1043",1,5
"1044",2,5
"1045",1,4
"1046",1,4
"1047",1,2
"1048",NA,NA
"1049",1,3
"1050",1,4
"1051",1,6
"1052",1,4
"1053",1,6
"1054",1,4
"1055",2,4
"1056",1,2
"1057",1,4
"1058",NA,NA
"1059",NA,NA
"1060",1,3
"1061",1,6
"1062",1,6
"1063",1,6
"1064",NA,NA
"1065",1,4
"1066",1,6
"1067",1,4
"1068",1,2
"1069",1,5
"1070",1,6
"1071",1,3
"1072",1,5
"1073",1,3
"1074",1,4
"1075",1,4
"1076",1,3
"1077",1,2
"1078",1,3
"1079",1,5
"1080",1,3
"1081",1,2
"1082",1,2
"1083",1,4
"1084",1,3
"1085",1,4
"1086",1,5
"1087",1,6
"1088",NA,NA
"1089",1,4
"1090",1,6
"1091",1,3
"1092",1,3
"1093",1,4
"1094",1,4
"1095",2,4
"1096",1,5
"1097",1,3
"1098",1,3
"1099",1,2
"1100",1,2
"1101",NA,NA
"1102",1,4
"1103",1,5
"1104",3,5
"1105",1,3
"1106",1,5
"1107",1,5
"1108",1,3
"1109",1,4
"1110",1,2
"1111",1,5
"1112",1,4
"1113",1,1
"1114",1,4
"1115",1,5
"1116",1,5
"1117",1,4
"1118",NA,NA
"1119",1,3
"1120",1,4
"1121",1,6
"1122",1,1
"1123",1,3
"1124",1,6
"1125",1,3
"1126",1,3
"1127",1,3
"1128",1,4
"1129",1,3
"1130",1,5
"1131",1,3
"1132",1,3
"1133",1,3
"1134",1,3
"1135",1,5
"1136",1,5
"1137",1,4
"1138",1,5
"1139",NA,NA
"1140",1,3
"1141",NA,NA
"1142",1,2
"1143",1,5
"1144",1,4
"1145",1,4
"1146",1,4
"1147",1,4
"1148",1,4
"1149",1,4
"1150",1,2
"1151",1,4
"1152",1,4
"1153",1,4
"1154",1,5
"1155",NA,NA
"1156",1,2
"1157",1,5
"1158",1,4
"1159",1,3
"1160",1,1
"1161",1,4
"1162",1,4
"1163",1,4
"1164",1,4
"1165",1,4
"1166",1,5
"1167",1,4
"1168",1,4
"1169",1,3
"1170",1,2
"1171",1,5
"1172",1,4
"1173",1,3
"1174",NA,NA
"1175",1,4
"1176",1,4
"1177",1,1
"1178",1,5
"1179",1,4
"1180",1,4
"1181",1,5
"1182",1,3
"1183",1,3
"1184",1,3
"1185",1,5
"1186",NA,NA
"1187",NA,NA
"1188",1,2
"1189",1,6
"1190",1,4
"1191",1,5
"1192",1,4
"1193",1,4
"1194",1,4
"1195",1,3
"1196",NA,NA
"1197",NA,NA
"1198",1,4
"1199",1,4
"1200",1,4
"1201",NA,NA
"1202",1,4
"1203",2,5
"1204",1,3
"1205",1,5
"1206",1,3
"1207",1,6
"1208",1,3
"1209",1,4
"1210",1,NA
"1211",1,5
"1212",1,1
"1213",1,3
"1214",1,2
"1215",1,3
"1216",1,5
"1217",1,3
"1218",1,3
"1219",1,5
"1220",1,6
"1221",1,4
"1222",1,5
"1223",1,4
"1224",1,5
"1225",1,2
"1226",1,4
"1227",1,2
"1228",1,5
"1229",1,2
"1230",1,6
"1231",1,4
"1232",1,3
"1233",1,4
"1234",NA,NA
"1235",2,2
"1236",1,3
"1237",1,2
"1238",1,4
"1239",1,5
"1240",1,3
"1241",1,3
"1242",1,4
"1243",1,4
"1244",1,5
"1245",1,2
"1246",1,4
"1247",NA,NA
"1248",1,4
"1249",NA,NA
"1250",1,1
"1251",1,4
"1252",1,3
"1253",1,3
"1254",1,2
"1255",NA,NA
"1256",1,4
"1257",1,6
"1258",1,2
"1259",1,4
"1260",1,5
"1261",1,4
"1262",1,4
"1263",1,3
"1264",2,4
"1265",1,2
"1266",1,3
"1267",1,4
"1268",1,3
"1269",1,3
"1270",1,4
"1271",1,4
"1272",1,2
"1273",1,6
"1274",NA,NA
"1275",1,4
"1276",1,4
"1277",1,3
"1278",1,5
"1279",1,4
"1280",1,3
"1281",1,6
"1282",1,4
"1283",3,4
"1284",1,4
"1285",1,2
"1286",1,3
"1287",1,5
"1288",1,6
"1289",1,2
"1290",NA,NA
"1291",1,5
"1292",1,3
"1293",1,3
"1294",1,3
"1295",1,4
"1296",1,3
"1297",1,4
"1298",1,5
"1299",1,3
"1300",1,5
"1301",1,6
"1302",1,5
"1303",1,3
"1304",1,5
"1305",1,3
"1306",1,4
"1307",1,6
"1308",1,4
"1309",1,3
"1310",1,4
"1311",1,5
"1312",1,5
"1313",1,2
"1314",1,4
"1315",1,4
"1316",1,5
"1317",1,4
"1318",1,4
"1319",1,3
"1320",NA,NA
"1321",1,3
"1322",1,4
"1323",1,4
"1324",1,5
"1325",1,4
"1326",1,6
"1327",1,4
"1328",1,4
"1329",2,4
"1330",1,5
"1331",NA,NA
"1332",2,5
"1333",1,3
"1334",1,3
"1335",1,5
"1336",1,4
"1337",1,5
"1338",1,3
"1339",1,4
"1340",1,3
"1341",1,4
"1342",1,4
"1343",1,2
"1344",1,2
"1345",1,3
"1346",1,5
"1347",1,2
"1348",1,3
"1349",1,3
"1350",1,5
"1351",1,5
"1352",1,4
"1353",1,5
"1354",1,3
"1355",1,2
"1356",NA,NA
"1357",1,4
"1358",NA,NA
"1359",1,3
"1360",1,5
"1361",1,3
"1362",1,5
"1363",1,4
"1364",1,5
"1365",1,5
"1366",1,3
"1367",1,3
"1368",1,5
"1369",1,5
"1370",1,2
"1371",1,4
"1372",1,4
"1373",1,6
"1374",1,3
"1375",1,3
"1376",1,6
"1377",2,3
"1378",1,3
"1379",1,4
"1380",2,4
"1381",NA,NA
"1382",2,6
"1383",NA,NA
"1384",1,3
"1385",1,5
"1386",1,4
"1387",1,6
"1388",1,3
"1389",1,4
"1390",1,6
"1391",1,3
"1392",NA,NA
"1393",1,3
"1394",1,6
"1395",1,4
"1396",1,5
"1397",NA,NA
"1398",1,4
"1399",1,3
"1400",1,4
"1401",1,2
"1402",1,5
"1403",1,2
"1404",1,2
"1405",1,2
"1406",1,4
"1407",1,3
"1408",1,4
"1409",1,6
"1410",1,5
"1411",NA,NA
"1412",1,4
"1413",1,2
"1414",NA,NA
"1415",1,3
"1416",1,2
"1417",1,2
"1418",1,3
"1419",1,5
"1420",1,5
"1421",1,4
"1422",1,2
"1423",1,5
"1424",1,4
"1425",1,3
"1426",1,4
"1427",1,3
"1428",1,4
"1429",1,4
"1430",1,2
"1431",2,2
"1432",1,5
"1433",1,4
"1434",1,5
"1435",1,4
"1436",1,3
"1437",1,4
"1438",1,4
"1439",1,5
"1440",1,4
"1441",1,2
"1442",1,1
"1443",1,4
"1444",1,2
"1445",1,4
"1446",1,4
"1447",NA,NA
"1448",1,2
"1449",1,3
"1450",1,3
"1451",1,4
"1452",1,4
"1453",1,4
"1454",3,4
"1455",1,3
"1456",1,5
"1457",1,4
"1458",NA,NA
"1459",2,4
"1460",1,2
"1461",1,4
"1462",1,3
"1463",1,5
"1464",1,2
"1465",1,4
"1466",1,3
"1467",1,5
"1468",1,6
"1469",1,5
"1470",1,5
"1471",1,4
"1472",1,5
"1473",1,5
"1474",1,4
"1475",1,3
"1476",1,5
"1477",1,5
"1478",1,4
"1479",1,3
"1480",1,2
"1481",1,4
"1482",NA,NA
"1483",1,3
"1484",1,4
"1485",1,5
"1486",1,3
"1487",1,3
"1488",1,5
"1489",1,4
"1490",1,5
"1491",1,4
"1492",1,4
"1493",1,5
"1494",1,2
"1495",1,3
"1496",1,4
"1497",1,4
"1498",1,4
"1499",1,3
"1500",NA,NA
"1501",1,4
"1502",1,5
"1503",NA,NA
"1504",1,1
"1505",1,3
"1506",1,5
"1507",NA,NA
"1508",1,5
"1509",1,3
"1510",1,6
"1511",1,1
"1512",1,2
"1513",NA,NA
"1514",1,4
"1515",1,4
"1516",1,4
"1517",1,5
"1518",NA,NA
"1519",1,4
"1520",1,4
"1521",1,3
"1522",NA,NA
"1523",1,4
"1524",NA,NA
"1525",1,3
"1526",1,4
"1527",2,5
"1528",1,2
"1529",2,6
"1530",1,3
"1531",1,4
"1532",1,5
"1533",1,4
"1534",1,4
"1535",1,2
"1536",NA,NA
"1537",1,6
"1538",3,1
"1539",1,3
"1540",NA,NA
"1541",1,4
"1542",1,5
"1543",1,3
"1544",1,2
"1545",1,3
"1546",1,5
"1547",2,3
"1548",1,4
"1549",NA,NA
"1550",1,4
"1551",1,2
"1552",1,5
"1553",1,4
"1554",1,4
"1555",1,3
"1556",1,5
"1557",1,4
"1558",1,3
"1559",1,3
"1560",1,4
"1561",1,3
"1562",1,2
"1563",1,6
"1564",NA,NA
"1565",1,4
"1566",NA,NA
"1567",1,5
"1568",1,2
"1569",1,5
"1570",1,4
"1571",1,5
"1572",1,5
"1573",1,5
"1574",1,3
"1575",1,3
"1576",1,2
"1577",1,5
"1578",1,4
"1579",1,4
"1580",1,2
"1581",NA,NA
"1582",1,3
"1583",1,2
"1584",1,4
"1585",2,4
"1586",1,3
"1587",1,5
"1588",1,4
"1589",1,5
"1590",1,4
"1591",1,3
"1592",1,4
"1593",1,3
"1594",1,4
"1595",1,5
"1596",1,2
"1597",1,6
"1598",1,4
"1599",1,3
"1600",1,3
"1601",1,4
"1602",1,2
"1603",1,4
"1604",1,3
"1605",NA,NA
"1606",1,2
"1607",1,6
"1608",1,4
"1609",1,3
"1610",1,5
"1611",1,2
"1612",1,3
"1613",1,5
"1614",1,5
"1615",1,4
"1616",1,4
"1617",1,2
"1618",1,4
"1619",1,4
"1620",1,5
"1621",1,3
"1622",NA,NA
"1623",1,4
"1624",1,3
"1625",1,4
"1626",1,4
"1627",1,6
"1628",1,5
"1629",1,2
"1630",1,4
"1631",1,6
"1632",1,4
"1633",1,2
"1634",1,3
"1635",1,3
"1636",1,3
"1637",1,4
"1638",1,4
"1639",1,5
"1640",1,5
"1641",1,4
"1642",1,4
"1643",1,4
"1644",1,4
"1645",1,4
"1646",1,4
"1647",1,4
"1648",NA,NA
"1649",1,3
"1650",1,4
"1651",1,5
"1652",1,2
"1653",1,3
"1654",1,4
"1655",1,4
"1656",2,5
"1657",1,3
"1658",1,3
"1659",1,4
"1660",1,4
"1661",1,3
"1662",1,5
"1663",1,5
"1664",1,5
"1665",1,5
"1666",1,3
"1667",1,4
"1668",1,4
"1669",1,4
"1670",1,6
"1671",1,3
"1672",1,4
"1673",1,4
"1674",1,4
"1675",1,2
"1676",1,6
"1677",1,4
"1678",1,4
"1679",1,5
"1680",NA,NA
"1681",1,2
"1682",1,6
"1683",1,4
"1684",NA,NA
"1685",1,2
"1686",1,2
"1687",1,3
"1688",NA,NA
"1689",1,5
"1690",1,4
"1691",1,2
"1692",1,3
"1693",1,2
"1694",1,5
"1695",NA,NA
"1696",NA,NA
"1697",1,3
"1698",1,1
"1699",1,3
"1700",1,4
"1701",1,3
"1702",1,6
"1703",1,4
"1704",1,4
"1705",1,5
"1706",1,4
"1707",1,3
"1708",1,4
"1709",1,5
"1710",1,4
"1711",1,5
"1712",1,3
"1713",1,4
"1714",1,3
"1715",1,4
"1716",1,2
"1717",1,3
"1718",1,5
"1719",1,5
"1720",1,5
"1721",1,3
"1722",1,3
"1723",1,5
"1724",1,4
"1725",1,4
"1726",1,3
"1727",1,4
"1728",2,2
"1729",1,4
"1730",1,2
"1731",1,4
"1732",1,4
"1733",1,4
"1734",1,4
"1735",1,2
"1736",3,4
"1737",1,3
"1738",1,5
"1739",1,1
"1740",1,3
"1741",NA,NA
"1742",1,4
"1743",NA,NA
"1744",NA,NA
"1745",1,3
"1746",1,5
"1747",1,4
"1748",1,3
"1749",1,4
"1750",2,4
"1751",1,3
"1752",1,4
"1753",1,4
"1754",1,4
"1755",1,3
"1756",1,4
"1757",1,3
"1758",1,5
"1759",1,6
"1760",1,4
"1761",1,5
"1762",1,1
"1763",1,4
"1764",1,3
"1765",NA,NA
"1766",1,3
"1767",1,4
"1768",1,2
"1769",NA,NA
"1770",1,5
"1771",1,5
"1772",1,6
"1773",1,5
"1774",1,4
"1775",1,3
"1776",1,2
"1777",NA,NA
"1778",1,3
"1779",1,2
"1780",1,2
"1781",1,4
"1782",1,4
"1783",1,5
"1784",1,6
"1785",1,2
"1786",1,5
"1787",1,4
"1788",1,3
"1789",1,4
"1790",1,4
"1791",1,5
"1792",1,5
"1793",1,4
"1794",1,4
"1795",1,4
"1796",1,4
"1797",1,4
"1798",1,3
"1799",1,2
"1800",1,4
"1801",1,3
"1802",1,5
"1803",1,5
"1804",1,4
"1805",1,4
"1806",1,2
"1807",NA,NA
"1808",1,3
"1809",1,4
"1810",1,3
"1811",1,6
"1812",1,3
"1813",1,1
"1814",1,6
"1815",1,4
"1816",1,4
"1817",1,4
"1818",1,4
"1819",1,5
"1820",1,2
"1821",1,3
"1822",1,1
"1823",1,4
"1824",1,2
"1825",1,4
"1826",1,4
"1827",1,3
"1828",1,4
"1829",NA,NA
"1830",1,5
"1831",1,4
"1832",1,4
"1833",1,4
"1834",NA,NA
"1835",NA,NA
"1836",1,4
"1837",NA,NA
"1838",1,3
"1839",1,4
"1840",3,5
"1841",1,4
"1842",1,4
"1843",1,5
"1844",1,6
"1845",1,3
"1846",1,4
"1847",1,6
"1848",1,5
"1849",1,4
"1850",1,4
"1851",1,2
"1852",1,3
"1853",2,3
"1854",1,5
"1855",1,4
"1856",1,4
"1857",1,3
"1858",1,4
"1859",1,4
"1860",1,4
"1861",1,5
"1862",1,3
"1863",1,5
"1864",1,4
"1865",1,6
"1866",1,4
"1867",1,4
"1868",1,4
"1869",1,5
"1870",1,5
"1871",1,NA
"1872",1,3
"1873",1,3
"1874",1,4
"1875",1,4
"1876",1,4
"1877",1,4
"1878",1,6
"1879",1,5
"1880",1,5
"1881",NA,NA
"1882",1,3
"1883",1,5
"1884",1,6
"1885",1,4
"1886",1,2
"1887",1,4
"1888",1,4
"1889",1,4
"1890",NA,NA
"1891",1,3
"1892",1,4
"1893",1,5
"1894",1,2
"1895",1,6
"1896",1,4
"1897",1,5
"1898",1,4
"1899",1,5
"1900",1,6
"1901",1,5
"1902",1,4
"1903",1,5
"1904",1,4
"1905",1,5
"1906",1,4
"1907",1,4
"1908",1,4
"1909",1,3
"1910",1,5
"1911",1,5
"1912",1,4
"1913",2,4
"1914",1,4
"1915",1,2
"1916",NA,NA
"1917",NA,NA
"1918",1,3
"1919",1,2
"1920",1,3
"1921",NA,NA
"1922",1,4
"1923",1,4
"1924",1,5
"1925",1,4
"1926",1,4
"1927",1,3
"1928",1,3
"1929",1,5
"1930",1,5
"1931",1,4
"1932",1,2
"1933",1,5
"1934",1,5
"1935",1,3
"1936",1,4
"1937",1,3
"1938",1,4
"1939",1,4
"1940",1,4
"1941",1,5
"1942",1,6
"1943",1,5
"1944",1,4
"1945",1,2
"1946",1,5
"1947",1,4
"1948",1,2
"1949",1,4
"1950",1,3
"1951",1,4
"1952",1,4
"1953",1,4
"1954",1,4
"1955",1,3
"1956",1,2
"1957",1,4
"1958",1,4
"1959",1,4
"1960",NA,NA
"1961",1,4
"1962",1,5
"1963",1,2
"1964",1,3
"1965",1,3
"1966",1,2
"1967",1,6
"1968",NA,NA
"1969",1,4
"1970",1,4
"1971",2,5
"1972",1,4
"1973",1,4
"1974",1,4
"1975",1,4
"1976",1,4
"1977",NA,3
"1978",1,6
"1979",1,3
"1980",1,4
"1981",1,3
"1982",1,3
"1983",1,4
"1984",1,4
"1985",1,5
"1986",1,5
"1987",1,4
"1988",1,5
"1989",1,4
"1990",2,3
"1991",1,3
"1992",1,4
"1993",1,2
"1994",1,4
"1995",1,5
"1996",1,5
"1997",1,2
"1998",1,4
"1999",1,3
"2000",1,2
"2001",1,4
"2002",1,4
"2003",1,6
"2004",NA,NA
"2005",1,4
"2006",1,5
"2007",1,4
"2008",1,3
"2009",1,4
"2010",1,2
"2011",1,4
"2012",1,4
"2013",1,4
"2014",1,4
"2015",1,3
"2016",1,3
"2017",1,5
"2018",1,3
"2019",1,4
"2020",1,6
"2021",1,4
"2022",1,4
"2023",1,4
"2024",1,3
"2025",NA,NA
"2026",1,5
"2027",1,5
"2028",1,2
"2029",1,4
"2030",1,1
"2031",1,3
"2032",NA,NA
"2033",1,4
"2034",1,6
"2035",NA,NA
"2036",1,5
"2037",1,5
"2038",NA,NA
"2039",1,5
"2040",1,4
"2041",2,4
"2042",1,4
"2043",2,3
"2044",1,5
"2045",1,6
"2046",1,4
"2047",1,6
"2048",NA,NA
"2049",1,3
"2050",1,4
"2051",1,4
"2052",1,3
"2053",1,3
"2054",1,5
"2055",1,6
"2056",1,4
"2057",1,4
"2058",1,3
"2059",1,4
"2060",1,4
"2061",1,3
"2062",1,3
"2063",2,3
"2064",1,3
"2065",NA,NA
"2066",1,6
"2067",1,5
"2068",1,6
"2069",2,3
"2070",1,4
"2071",1,3
"2072",1,5
"2073",NA,4
"2074",1,4
"2075",1,4
"2076",1,5
"2077",1,3
"2078",NA,2
"2079",1,3
"2080",1,4
"2081",NA,3
"2082",1,3
"2083",2,3
"2084",1,3
"2085",1,2
"2086",1,4
"2087",1,4
"2088",1,4
"2089",1,1
"2090",1,3
"2091",1,6
"2092",1,3
"2093",1,3
"2094",1,4
"2095",1,4
"2096",NA,NA
"2097",1,2
"2098",1,3
"2099",1,6
"2100",1,3
"2101",1,4
"2102",1,4
"2103",1,3
"2104",1,5
"2105",1,5
"2106",1,4
"2107",NA,NA
"2108",1,5
"2109",1,3
"2110",1,4
"2111",1,4
"2112",1,5
"2113",1,3
"2114",2,5
"2115",1,4
"2116",1,1
"2117",1,2
"2118",1,3
"2119",1,4
"2120",1,4
"2121",1,4
"2122",1,3
"2123",1,3
"2124",1,3
"2125",1,5
"2126",1,4
"2127",1,2
"2128",1,4
"2129",1,4
"2130",1,4
"2131",1,5
"2132",1,3
"2133",1,3
"2134",1,2
"2135",1,4
"2136",1,4
"2137",NA,NA
"2138",1,1
"2139",1,3
"2140",1,2
"2141",1,5
"2142",1,4
"2143",1,5
"2144",1,3
"2145",1,5
"2146",1,5
"2147",1,5
"2148",1,4
"2149",1,3
"2150",1,4
"2151",1,3
"2152",1,4
"2153",1,4
"2154",1,3
"2155",1,4
"2156",1,2
"2157",1,5
"2158",1,4
"2159",1,4
"2160",1,4
"2161",1,4
"2162",1,2
"2163",1,3
"2164",NA,NA
"2165",1,3
"2166",1,4
"2167",1,2
"2168",1,4
"2169",1,3
"2170",1,1
"2171",1,3
"2172",1,4
"2173",1,3
"2174",1,3
"2175",1,4
"2176",1,5
"2177",1,3
"2178",1,6
"2179",1,3
"2180",1,4
"2181",1,5
"2182",NA,NA
"2183",1,3
"2184",1,3
"2185",1,4
"2186",1,4
"2187",1,5
"2188",1,5
"2189",1,4
"2190",1,4
"2191",1,5
"2192",1,5
"2193",1,6
"2194",1,2
"2195",1,3
"2196",1,4
"2197",NA,NA
"2198",1,5
"2199",1,4
"2200",NA,NA
"2201",1,4
"2202",1,4
"2203",1,4
"2204",1,3
"2205",1,4
"2206",1,5
"2207",1,4
"2208",1,4
"2209",1,3
"2210",1,4
"2211",1,4
"2212",1,3
"2213",1,2
"2214",1,4
"2215",1,6
"2216",1,5
"2217",1,3
"2218",2,6
"2219",1,4
"2220",1,3
"2221",NA,4
"2222",1,3
"2223",1,5
"2224",1,4
"2225",2,3
"2226",1,2
"2227",1,2
"2228",1,4
"2229",1,4
"2230",1,5
"2231",1,5
"2232",1,5
"2233",1,2
"2234",NA,NA
"2235",NA,NA
"2236",1,4
"2237",1,6
"2238",1,4
"2239",1,2
"2240",1,4
"2241",1,4
"2242",1,3
"2243",1,5
"2244",2,4
"2245",1,3
"2246",2,4
"2247",1,6
"2248",1,4
"2249",1,3
"2250",1,4
"2251",1,3
"2252",1,6
"2253",2,4
"2254",1,6
"2255",1,3
"2256",1,4
"2257",1,3
"2258",NA,NA
"2259",1,5
"2260",1,3
"2261",1,4
"2262",1,4
"2263",3,3
"2264",1,3
"2265",1,4
"2266",1,3
"2267",1,5
"2268",1,1
"2269",1,5
"2270",1,4
"2271",1,3
"2272",1,2
"2273",1,4
"2274",1,4
"2275",1,6
"2276",1,3
"2277",1,2
"2278",1,4
"2279",1,4
"2280",1,4
"2281",1,4
"2282",1,4
"2283",1,1
"2284",1,3
"2285",1,4
"2286",1,4
"2287",1,3
"2288",1,4
"2289",1,4
"2290",1,4
"2291",1,3
"2292",1,1
"2293",NA,NA
"2294",1,6
"2295",1,1
"2296",1,4
"2297",1,4
"2298",1,4
"2299",1,2
"2300",1,2
"2301",1,5
"2302",1,2
"2303",1,4
"2304",1,3
"2305",1,4
"2306",1,4
"2307",1,3
"2308",1,5
"2309",1,5
"2310",NA,NA
"2311",1,6
"2312",1,4
"2313",2,4
"2314",1,3
"2315",2,6
"2316",1,3
"2317",1,6
"2318",1,2
"2319",1,1
"2320",1,5
"2321",1,6
"2322",1,4
"2323",1,5
"2324",1,4
"2325",1,6
"2326",1,4
"2327",1,4
"2328",1,4
"2329",1,4
"2330",1,1
"2331",1,4
"2332",1,3
"2333",1,6
"2334",1,3
"2335",1,4
"2336",1,1
"2337",1,5
"2338",1,3
"2339",1,4
"2340",1,4
"2341",2,4
"2342",NA,NA
"2343",1,2
"2344",1,4
"2345",1,3
"2346",NA,NA
"2347",1,3
"2348",1,5
"2349",1,3
"2350",1,5
"2351",1,3
"2352",1,3
"2353",1,4
"2354",1,4
"2355",1,4
"2356",NA,NA
"2357",1,2
"2358",1,4
"2359",1,4
"2360",1,4
"2361",1,4
"2362",1,4
"2363",1,3
"2364",1,4
"2365",NA,NA
"2366",1,4
"2367",1,2
"2368",1,6
"2369",1,4
"2370",2,5
"2371",1,3
"2372",1,4
"2373",1,4
"2374",1,4
"2375",2,2
"2376",1,4
"2377",1,4
"2378",1,5
"2379",1,4
"2380",1,6
"2381",NA,NA
"2382",1,4
"2383",NA,NA
"2384",NA,NA
"2385",NA,5
"2386",1,4
"2387",1,4
"2388",1,5
"2389",NA,NA
"2390",1,5
"2391",1,4
"2392",1,5
"2393",1,4
"2394",NA,NA
"2395",1,5
"2396",1,1
"2397",NA,NA
"2398",1,4
"2399",1,5
"2400",1,5
"2401",1,3
"2402",1,3
"2403",1,2
"2404",1,5
"2405",NA,NA
"2406",1,5
"2407",1,5
"2408",1,1
"2409",1,4
"2410",1,4
"2411",1,6
"2412",1,2
"2413",1,2
"2414",1,3
"2415",2,6
"2416",1,5
"2417",1,2
"2418",1,3
"2419",NA,NA
"2420",1,4
"2421",1,3
"2422",1,4
"2423",NA,NA
"2424",1,6
"2425",1,4
"2426",1,4
"2427",1,2
"2428",1,4
"2429",1,3
"2430",1,5
"2431",1,5
"2432",1,2
"2433",1,4
"2434",1,5
"2435",1,5
"2436",1,2
"2437",1,5
"2438",1,3
"2439",NA,NA
"2440",1,5
"2441",1,4
"2442",1,5
"2443",2,3
"2444",1,4
"2445",1,3
"2446",1,4
"2447",1,4
"2448",1,5
"2449",NA,NA
"2450",1,3
"2451",NA,NA
"2452",1,3
"2453",1,4
"2454",2,4
"2455",1,4
"2456",1,6
"2457",1,5
"2458",1,2
"2459",1,4
"2460",1,3
"2461",1,4
"2462",1,5
"2463",1,5
"2464",1,3
"2465",1,4
"2466",1,4
"2467",1,6
"2468",NA,NA
"2469",1,4
"2470",1,1
"2471",1,2
"2472",1,2
"2473",1,4
"2474",1,4
"2475",1,3
"2476",1,1
"2477",1,4
"2478",NA,NA
"2479",1,6
"2480",1,2
"2481",1,5
"2482",1,2
"2483",1,3
"2484",1,1
"2485",1,5
"2486",1,4
"2487",1,3
"2488",1,3
"2489",1,4
"2490",NA,NA
"2491",1,4
"2492",1,4
"2493",1,3
"2494",1,2
"2495",2,5
"2496",1,4
"2497",1,4
"2498",NA,NA
"2499",1,4
"2500",1,5
"2501",1,5
"2502",1,3
"2503",1,5
"2504",1,2
"2505",NA,NA
"2506",1,3
"2507",2,5
"2508",1,5
"2509",3,4
"2510",1,4
"2511",2,5
"2512",1,5
"2513",1,4
"2514",1,4
"2515",1,5
"2516",1,5
"2517",1,4
"2518",1,4
"2519",1,3
"2520",1,4
"2521",1,4
"2522",1,5
"2523",1,3
"2524",1,6
"2525",1,4
"2526",1,5
"2527",1,4
"2528",1,3
"2529",1,5
"2530",1,4
"2531",2,4
"2532",1,4
"2533",1,3
"2534",1,4
"2535",1,3
"2536",1,NA
"2537",1,3
"2538",1,4
"2539",1,2
"2540",1,5
"2541",1,4
"2542",1,4
"2543",1,3
"2544",1,4
"2545",1,4
"2546",1,4
"2547",1,4
"2548",1,2
"2549",1,4
"2550",1,5
"2551",1,4
"2552",1,4
"2553",1,2
"2554",1,5
"2555",1,3
"2556",NA,NA
"2557",1,2
"2558",1,1
"2559",1,1
"2560",1,5
"2561",1,4
"2562",1,3
"2563",1,4
"2564",NA,5
"2565",1,4
"2566",1,4
"2567",1,5
"2568",1,4
"2569",1,4
"2570",1,3
"2571",1,3
"2572",1,5
"2573",1,6
"2574",1,5
"2575",1,4
"2576",1,4
"2577",1,3
"2578",3,3
"2579",1,3
"2580",NA,NA
"2581",1,4
"2582",NA,NA
"2583",1,4
"2584",1,4
"2585",1,4
"2586",1,4
"2587",1,2
"2588",1,4
"2589",1,6
"2590",3,4
"2591",1,4
"2592",1,5
"2593",1,5
"2594",1,4
"2595",1,2
"2596",1,4
"2597",1,2
"2598",1,6
"2599",1,3
"2600",1,4
"2601",1,3
"2602",1,4
"2603",1,4
"2604",1,2
"2605",NA,NA
"2606",1,4
"2607",1,4
"2608",1,3
"2609",1,5
"2610",1,4
"2611",1,5
"2612",1,3
"2613",1,2
"2614",1,4
"2615",1,4
"2616",1,2
"2617",1,4
"2618",1,6
"2619",1,4
"2620",1,4
"2621",1,4
"2622",1,4
"2623",1,4
"2624",1,4
"2625",1,2
"2626",1,3
"2627",1,4
"2628",1,5
"2629",1,5
"2630",1,3
"2631",1,6
"2632",1,4
"2633",NA,NA
"2634",1,1
"2635",1,3
"2636",1,2
"2637",1,4
"2638",1,2
"2639",1,6
"2640",1,5
"2641",1,4
"2642",1,3
"2643",1,5
"2644",NA,NA
"2645",1,4
"2646",1,6
"2647",1,2
"2648",1,5
"2649",1,3
"2650",1,3
"2651",1,2
"2652",1,4
"2653",1,2
"2654",1,4
"2655",1,4
"2656",1,4
"2657",1,4
"2658",1,5
"2659",1,3
"2660",1,5
"2661",1,5
"2662",1,4
"2663",1,3
"2664",1,4
"2665",1,2
"2666",1,4
"2667",1,2
"2668",3,6
"2669",1,3
"2670",1,2
"2671",2,4
"2672",1,4
"2673",1,4
"2674",1,4
"2675",NA,NA
"2676",NA,NA
"2677",1,5
"2678",1,3
"2679",1,4
"2680",1,4
"2681",1,2
"2682",1,3
"2683",1,4
"2684",1,2
"2685",1,3
"2686",1,2
"2687",1,3
"2688",1,6
"2689",1,6
"2690",1,5
"2691",1,4
"2692",1,2
"2693",1,5
"2694",1,4
"2695",1,3
"2696",1,4
"2697",1,5
"2698",1,4
"2699",1,5
"2700",1,4
"2701",1,5
"2702",1,6
"2703",1,2
"2704",1,4
"2705",1,4
"2706",1,3
"2707",1,5
"2708",1,4
"2709",2,2
"2710",1,4
"2711",1,5
"2712",1,4
"2713",1,1
"2714",1,4
"2715",1,4
"2716",1,4
"2717",1,4
"2718",1,3
"2719",1,2
"2720",1,2
"2721",1,2
"2722",1,3
"2723",1,4
"2724",1,5
"2725",1,4
"2726",1,4
"2727",1,3
"2728",1,3
"2729",1,3
"2730",1,4
"2731",1,6
"2732",1,6
"2733",1,4
"2734",2,6
"2735",1,4
"2736",1,4
"2737",1,5
"2738",1,4
"2739",1,5
"2740",1,3
"2741",NA,NA
"2742",1,4
"2743",1,4
"2744",1,2
"2745",1,4
"2746",1,3
"2747",1,6
"2748",1,5
"2749",1,2
"2750",1,4
"2751",1,5
"2752",1,6
"2753",NA,NA
"2754",1,5
"2755",1,4
"2756",1,4
"2757",NA,NA
"2758",1,4
"2759",1,5
"2760",1,2
"2761",1,4
"2762",1,3
"2763",1,5
"2764",1,4
"2765",1,6
"2766",1,3
"2767",1,4
"2768",1,5
"2769",1,2
"2770",1,6
"2771",1,4
"2772",2,4
"2773",1,4
"2774",1,4
"2775",1,4
"2776",1,3
"2777",1,4
"2778",1,3
"2779",1,5
"2780",1,3
"2781",NA,NA
"2782",1,5
"2783",1,3
"2784",1,3
"2785",1,4
"2786",NA,NA
"2787",1,3
"2788",1,5
"2789",1,4
"2790",1,5
"2791",NA,3
"2792",1,2
"2793",1,4
"2794",1,3
"2795",1,3
"2796",1,4
"2797",1,4
"2798",1,6
"2799",1,6
"2800",1,4
"2801",1,6
"2802",1,3
"2803",1,4
"2804",1,4
"2805",NA,NA
"2806",1,4
"2807",1,4
"2808",1,3
"2809",1,5
"2810",1,3
"2811",1,5
"2812",1,3
"2813",NA,4
"2814",1,4
"2815",1,5
"2816",1,3
"2817",1,4
"2818",1,5
"2819",1,3
"2820",1,6
"2821",1,4
"2822",1,4
"2823",NA,NA
"2824",1,5
"2825",1,1
"2826",1,4
"2827",1,4
"2828",1,4
"2829",1,4
"2830",1,2
"2831",1,1
"2832",1,3
"2833",1,3
"2834",1,4
"2835",2,2
"2836",3,6
"2837",1,3
"2838",NA,NA
"2839",1,4
"2840",2,4
"2841",1,4
"2842",1,3
"2843",1,4
"2844",1,4
"2845",1,4
"2846",1,1
"2847",1,6
"2848",1,4
"2849",1,2
"2850",1,5
"2851",1,6
"2852",1,2
"2853",1,4
"2854",1,4
"2855",1,2
"2856",1,4
"2857",1,2
"2858",1,4
"2859",1,4
"2860",1,4
"2861",1,4
"2862",1,4
"2863",1,2
"2864",1,4
"2865",1,4
"2866",1,5
"2867",1,4
"2868",1,4
"2869",1,6
"2870",1,4
"2871",1,4
"2872",1,2
"2873",1,4
"2874",1,5
"2875",1,5
"2876",1,4
"2877",1,4
"2878",1,5
"2879",1,2
"2880",1,6
"2881",1,2
"2882",1,5
"2883",1,6
"2884",1,5
"2885",1,3
"2886",1,3
"2887",1,5
"2888",1,4
"2889",1,2
"2890",1,3
"2891",1,6
"2892",1,4
"2893",1,4
"2894",1,4
"2895",1,3
"2896",1,4
"2897",1,2
"2898",1,3
"2899",1,4
"2900",1,5
"2901",2,5
"2902",1,4
"2903",1,4
"2904",1,2
"2905",1,6
"2906",1,5
"2907",1,6
"2908",1,5
"2909",1,3
"2910",1,4
"2911",1,2
"2912",1,2
"2913",1,2
"2914",1,4
"2915",1,3
"2916",1,4
"2917",1,4
"2918",1,4
"2919",1,4
"2920",1,4
"2921",2,5
"2922",3,4
"2923",1,5
"2924",1,3
"2925",1,4
"2926",1,4
"2927",1,4
"2928",1,6
"2929",1,4
"2930",1,5
"2931",1,4
"2932",NA,NA
"2933",1,5
"2934",1,3
"2935",1,4
"2936",1,3
"2937",NA,NA
"2938",1,6
"2939",1,4
"2940",1,3
"2941",NA,NA
"2942",1,4
"2943",1,5
"2944",1,3
"2945",2,1
"2946",1,2
"2947",1,4
"2948",1,2
"2949",1,4
"2950",1,4
"2951",1,3
"2952",1,4
"2953",1,6
"2954",1,4
"2955",1,6
"2956",1,2
"2957",1,5
"2958",1,3
"2959",NA,NA
"2960",1,5
"2961",1,2
"2962",1,5
"2963",1,3
"2964",1,3
"2965",2,4
"2966",1,3
"2967",1,4
"2968",NA,3
"2969",1,2
"2970",1,4
"2971",1,2
"2972",NA,NA
"2973",1,2
"2974",1,2
"2975",1,1
"2976",1,2
"2977",1,5
"2978",1,3
"2979",1,1
"2980",1,5
"2981",1,4
"2982",1,4
"2983",1,4
"2984",1,4
"2985",1,4
"2986",1,4
"2987",1,4
"2988",1,4
"2989",1,4
"2990",1,4
"2991",1,3
"2992",1,4
"2993",3,6
"2994",1,3
"2995",1,4
"2996",1,3
"2997",1,5
"2998",1,5
"2999",1,6
"3000",1,2
"3001",1,4
"3002",1,4
"3003",1,5
"3004",NA,NA
"3005",1,2
"3006",1,4
"3007",1,3
"3008",1,4
"3009",1,4
"3010",NA,NA
"3011",1,4
"3012",1,6
"3013",1,3
"3014",1,5
"3015",1,5
"3016",1,4
"3017",1,3
"3018",1,3
"3019",1,3
"3020",1,4
"3021",1,5
"3022",1,6
"3023",1,3
"3024",1,3
"3025",1,4
"3026",3,4
"3027",1,4
"3028",1,4
"3029",1,5
"3030",1,4
"3031",1,5
"3032",1,1
"3033",1,4
"3034",1,4
"3035",1,2
"3036",1,3
"3037",1,3
"3038",1,3
"3039",2,4
"3040",1,4
"3041",1,4
"3042",1,4
"3043",1,5
"3044",1,3
"3045",1,2
"3046",1,5
"3047",1,4
"3048",1,4
"3049",1,3
"3050",1,3
"3051",1,3
"3052",1,1
"3053",1,4
"3054",1,3
"3055",3,NA
"3056",1,3
"3057",1,2
"3058",1,4
"3059",1,5
"3060",1,4
"3061",1,3
"3062",1,5
"3063",1,1
"3064",1,4
"3065",1,4
"3066",1,2
"3067",1,4
"3068",1,3
"3069",1,5
"3070",NA,NA
"3071",1,3
"3072",1,5
"3073",1,4
"3074",1,1
"3075",1,4
"3076",1,NA
"3077",1,4
"3078",1,6
"3079",1,4
"3080",1,5
"3081",2,2
"3082",1,2
"3083",1,4
"3084",1,3
"3085",1,6
"3086",1,4
"3087",1,4
"3088",1,3
"3089",1,4
"3090",1,4
"3091",1,3
"3092",1,4
"3093",NA,4
"3094",1,2
"3095",1,6
"3096",1,5
"3097",1,3
"3098",1,6
"3099",1,4
"3100",1,5
"3101",1,2
"3102",1,2
"3103",1,4
"3104",1,4
"3105",1,4
"3106",1,2
"3107",1,3
"3108",1,5
"3109",1,4
"3110",1,4
"3111",1,3
"3112",1,3
"3113",1,6
"3114",1,4
"3115",1,3
"3116",1,4
"3117",1,2
"3118",1,4
"3119",1,4
"3120",NA,NA
"3121",1,4
"3122",1,3
"3123",1,3
"3124",1,4
"3125",1,5
"3126",1,3
"3127",1,2
"3128",1,5
"3129",NA,NA
"3130",1,4
"3131",1,4
"3132",NA,NA
"3133",1,4
"3134",NA,NA
"3135",1,5
"3136",1,4
"3137",1,4
"3138",1,2
"3139",1,4
"3140",1,4
"3141",1,3
"3142",1,5
"3143",1,4
"3144",1,4
"3145",1,4
"3146",NA,NA
"3147",1,4
"3148",1,4
"3149",1,4
"3150",1,3
"3151",1,4
"3152",1,6
"3153",1,5
"3154",1,3
"3155",1,4
"3156",NA,NA
"3157",1,3
"3158",1,3
"3159",1,3
"3160",1,4
"3161",1,5
"3162",1,5
"3163",1,3
"3164",1,6
"3165",1,2
"3166",1,5
"3167",1,5
"3168",1,4
"3169",NA,NA
"3170",1,2
"3171",1,4
"3172",2,1
"3173",1,3
"3174",1,4
"3175",1,4
"3176",1,4
"3177",1,4
"3178",NA,NA
"3179",1,3
"3180",1,3
"3181",1,5
"3182",1,4
"3183",1,5
"3184",1,5
"3185",1,3
"3186",1,4
"3187",1,4
"3188",1,4
"3189",1,4
"3190",1,4
"3191",1,4
"3192",1,4
"3193",1,2
"3194",1,4
"3195",2,3
"3196",1,4
"3197",1,4
"3198",NA,NA
"3199",1,5
"3200",1,6
"3201",2,2
"3202",1,4
"3203",1,2
"3204",1,5
"3205",1,2
"3206",1,6
"3207",NA,NA
"3208",1,2
"3209",1,4
"3210",1,4
"3211",1,4
"3212",1,3
"3213",1,5
"3214",1,4
"3215",1,4
"3216",1,6
"3217",2,3
"3218",1,2
"3219",NA,NA
"3220",1,3
"3221",NA,5
"3222",2,4
"3223",2,4
"3224",1,3
"3225",1,3
"3226",1,4
"3227",1,5
"3228",1,2
"3229",NA,NA
"3230",2,5
"3231",1,5
"3232",1,2
"3233",1,3
"3234",1,4
"3235",1,5
"3236",1,4
"3237",1,4
"3238",1,4
"3239",NA,NA
"3240",1,1
"3241",1,6
"3242",1,4
"3243",1,4
"3244",1,4
"3245",1,4
"3246",1,2
"3247",1,3
"3248",NA,NA
"3249",1,5
"3250",1,5
"3251",1,4
"3252",1,3
"3253",1,4
"3254",1,5
"3255",NA,NA
"3256",1,4
"3257",1,5
"3258",1,5
"3259",1,5
"3260",1,4
"3261",1,3
"3262",1,3
"3263",1,4
"3264",1,4
"3265",1,4
"3266",1,4
"3267",1,5
"3268",1,2
"3269",1,4
"3270",1,4
"3271",NA,NA
"3272",1,4
"3273",1,4
"3274",NA,NA
"3275",1,6
"3276",1,4
"3277",1,5
"3278",1,4
"3279",1,4
"3280",1,4
"3281",1,2
"3282",NA,NA
"3283",NA,NA
"3284",1,5
"3285",1,5
"3286",1,4
"3287",1,4
"3288",1,4
"3289",1,3
"3290",1,6
"3291",1,4
"3292",1,2
"3293",1,6
"3294",1,4
"3295",1,5
"3296",NA,NA
"3297",1,5
"3298",1,4
"3299",1,2
"3300",1,3
"3301",1,4
"3302",1,2
"3303",1,4
"3304",1,4
"3305",1,6
"3306",1,6
"3307",1,4
"3308",1,3
"3309",1,4
"3310",1,4
"3311",1,4
"3312",1,4
"3313",1,5
"3314",NA,NA
"3315",1,6
"3316",1,3
"3317",1,4
"3318",1,4
"3319",1,5
"3320",1,2
"3321",1,5
"3322",1,4
"3323",1,5
"3324",1,3
"3325",1,5
"3326",1,4
"3327",1,5
"3328",1,4
"3329",1,4
"3330",1,4
"3331",1,4
"3332",1,4
"3333",1,1
"3334",NA,NA
"3335",1,5
"3336",1,3
"3337",1,3
"3338",1,4
"3339",1,3
"3340",NA,NA
"3341",1,3
"3342",1,5
"3343",NA,NA
"3344",1,3
"3345",1,6
"3346",1,3
"3347",1,4
"3348",1,6
"3349",1,2
"3350",1,4
"3351",1,4
"3352",1,1
"3353",1,2
"3354",1,5
"3355",1,3
"3356",1,2
"3357",1,4
"3358",1,6
"3359",1,5
"3360",1,6
"3361",1,4
"3362",1,4
"3363",NA,NA
"3364",1,4
"3365",1,4
"3366",1,5
"3367",NA,NA
"3368",1,4
"3369",1,5
"3370",1,3
"3371",1,4
"3372",1,6
"3373",1,5
"3374",1,4
"3375",1,3
"3376",1,4
"3377",1,2
"3378",1,5
"3379",1,3
"3380",1,4
"3381",1,3
"3382",NA,NA
"3383",1,4
"3384",1,3
"3385",1,6
"3386",1,4
"3387",1,4
"3388",1,3
"3389",1,4
"3390",2,6
"3391",1,5
"3392",1,3
"3393",1,5
"3394",1,5
"3395",1,4
"3396",1,2
"3397",1,3
"3398",1,3
"3399",1,5
"3400",2,5
"3401",2,4
"3402",1,3
"3403",NA,NA
"3404",1,4
"3405",1,4
"3406",1,4
"3407",1,6
"3408",1,4
"3409",1,4
"3410",1,4
"3411",1,6
"3412",1,3
"3413",1,5
"3414",1,4
"3415",1,5
"3416",1,4
"3417",2,4
"3418",1,3
"3419",1,4
"3420",1,5
"3421",1,2
"3422",1,4
"3423",1,4
"3424",1,5
"3425",2,4
"3426",1,4
"3427",NA,NA
"3428",1,3
"3429",1,4
"3430",1,2
"3431",NA,NA
"3432",1,4
"3433",1,4
"3434",1,4
"3435",1,1
"3436",1,4
"3437",1,5
"3438",1,4
"3439",1,5
"3440",1,4
"3441",1,5
"3442",1,5
"3443",1,4
"3444",NA,NA
"3445",1,4
"3446",1,4
"3447",1,3
"3448",1,4
"3449",NA,NA
"3450",2,3
"3451",1,4
"3452",1,5
"3453",1,2
"3454",1,4
"3455",1,3
"3456",1,3
"3457",2,6
"3458",1,4
"3459",1,4
"3460",1,3
"3461",1,2
"3462",1,4
"3463",1,5
"3464",1,4
"3465",1,1
"3466",1,6
"3467",1,3
"3468",1,5
"3469",1,4
"3470",1,5
"3471",1,3
"3472",1,4
"3473",1,5
"3474",NA,NA
"3475",1,5
"3476",1,6
"3477",1,5
"3478",1,3
"3479",1,5
"3480",1,3
"3481",1,3
"3482",1,3
"3483",1,4
"3484",1,3
"3485",1,4
"3486",1,5
"3487",1,6
"3488",1,4
"3489",1,5
"3490",NA,NA
"3491",1,5
"3492",1,4
"3493",1,2
"3494",1,3
"3495",1,6
"3496",1,2
"3497",1,4
"3498",1,3
"3499",NA,NA
"3500",1,3
"3501",NA,NA
"3502",1,4
"3503",1,5
"3504",1,1
"3505",1,4
"3506",1,4
"3507",1,4
"3508",1,3
"3509",1,4
"3510",1,5
"3511",1,4
"3512",1,4
"3513",NA,NA
"3514",2,4
"3515",1,2
"3516",1,4
"3517",1,4
"3518",1,4
"3519",1,5
"3520",1,4
"3521",1,4
"3522",1,4
"3523",1,4
"3524",1,5
"3525",1,3
"3526",1,4
"3527",1,4
"3528",1,4
"3529",1,4
"3530",1,3
"3531",NA,NA
"3532",1,3
"3533",1,4
"3534",NA,NA
"3535",1,2
"3536",1,3
"3537",1,4
"3538",1,4
"3539",1,4
"3540",1,2
"3541",1,3
"3542",1,4
"3543",1,4
"3544",1,3
"3545",1,4
"3546",1,3
"3547",1,2
"3548",1,4
"3549",1,5
"3550",1,3
"3551",1,1
"3552",1,3
"3553",1,5
"3554",1,4
"3555",NA,NA
"3556",2,2
"3557",1,4
"3558",1,3
"3559",1,3
"3560",1,2
"3561",1,6
"3562",1,4
"3563",1,6
"3564",1,4
"3565",1,5
"3566",1,5
"3567",NA,NA
"3568",1,5
"3569",3,1
"3570",NA,NA
"3571",1,4
"3572",1,4
"3573",NA,NA
"3574",1,2
"3575",1,2
"3576",1,3
"3577",1,5
"3578",2,6
"3579",1,3
"3580",1,4
"3581",2,5
"3582",1,3
"3583",1,4
"3584",1,3
"3585",3,1
"3586",1,4
"3587",1,4
"3588",2,4
"3589",1,5
"3590",1,4
"3591",1,3
"3592",1,3
"3593",1,4
"3594",NA,NA
"3595",1,4
"3596",1,4
"3597",1,6
"3598",1,5
"3599",1,5
"3600",1,6
"3601",1,3
"3602",1,6
"3603",1,3
"3604",1,2
"3605",1,5
"3606",1,4
"3607",1,6
"3608",1,4
"3609",NA,NA
"3610",1,4
"3611",1,4
"3612",1,4
"3613",1,1
"3614",1,4
"3615",1,3
"3616",1,4
"3617",1,3
"3618",1,5
"3619",1,3
"3620",1,6
"3621",1,5
"3622",1,3
"3623",NA,NA
"3624",1,4
"3625",1,4
"3626",1,3
"3627",1,3
"3628",1,3
"3629",1,4
"3630",1,3
"3631",1,4
"3632",1,5
"3633",1,4
"3634",1,1
"3635",1,4
"3636",1,5
"3637",1,2
"3638",1,4
"3639",1,1
"3640",1,4
"3641",1,4
"3642",1,3
"3643",1,3
"3644",1,3
"3645",1,4
"3646",1,3
"3647",1,4
"3648",1,2
"3649",1,3
"3650",1,4
"3651",1,5
"3652",1,4
"3653",1,4
"3654",1,4
"3655",NA,NA
"3656",1,5
"3657",1,4
"3658",NA,4
"3659",1,4
"3660",NA,NA
"3661",1,6
"3662",1,5
"3663",1,3
"3664",1,3
"3665",1,4
"3666",1,4
"3667",1,3
"3668",1,3
"3669",NA,NA
"3670",NA,NA
"3671",1,3
"3672",1,3
"3673",1,4
"3674",1,4
"3675",1,6
"3676",1,4
"3677",1,2
"3678",1,3
"3679",1,3
"3680",1,5
"3681",1,5
"3682",1,2
"3683",1,3
"3684",NA,NA
"3685",1,1
"3686",1,6
"3687",1,5
"3688",1,5
"3689",1,2
"3690",1,2
"3691",1,3
"3692",1,5
"3693",1,2
"3694",1,5
"3695",1,3
"3696",1,4
"3697",1,5
"3698",1,4
"3699",1,3
"3700",1,3
"3701",1,4
"3702",1,5
"3703",NA,NA
"3704",1,3
"3705",1,2
"3706",1,4
"3707",1,4
"3708",1,4
"3709",1,3
"3710",1,3
"3711",1,4
"3712",NA,NA
"3713",1,5
"3714",1,4
"3715",1,3
"3716",1,5
"3717",1,5
"3718",1,3
"3719",NA,NA
"3720",1,6
"3721",2,3
"3722",1,4
"3723",1,5
"3724",1,5
"3725",1,3
"3726",1,5
"3727",1,2
"3728",1,6
"3729",1,5
"3730",1,5
"3731",1,5
"3732",2,2
"3733",1,4
"3734",1,3
"3735",1,5
"3736",1,4
"3737",1,1
"3738",1,4
"3739",1,4
"3740",1,3
"3741",1,4
"3742",1,6
"3743",1,3
"3744",1,4
"3745",1,3
"3746",1,5
"3747",1,4
"3748",1,5
"3749",1,4
"3750",1,4
"3751",1,2
"3752",1,4
"3753",1,2
"3754",1,5
"3755",1,6
"3756",1,6
"3757",1,3
"3758",1,3
"3759",1,3
"3760",1,4
"3761",1,4
"3762",1,NA
"3763",1,4
"3764",1,4
"3765",1,4
"3766",1,3
"3767",NA,NA
"3768",NA,NA
"3769",1,3
"3770",NA,NA
"3771",1,4
"3772",1,3
"3773",1,4
"3774",1,5
"3775",1,5
"3776",NA,NA
"3777",1,5
"3778",1,4
"3779",1,3
"3780",1,2
"3781",1,4
"3782",1,6
"3783",1,4
"3784",NA,NA
"3785",1,1
"3786",NA,4
"3787",1,4
"3788",1,3
"3789",1,3
"3790",1,3
"3791",1,3
"3792",1,2
"3793",1,3
"3794",1,2
"3795",1,3
"3796",1,4
"3797",1,3
"3798",1,4
"3799",1,4
"3800",1,6
"3801",1,3
"3802",1,4
"3803",NA,NA
"3804",NA,NA
"3805",1,3
"3806",1,4
"3807",1,3
"3808",1,4
"3809",1,4
"3810",1,6
"3811",NA,NA
"3812",1,4
"3813",1,4
"3814",1,4
"3815",1,1
"3816",1,4
"3817",1,4
"3818",1,2
"3819",1,3
"3820",1,3
"3821",1,4
"3822",1,5
"3823",1,6
"3824",1,3
"3825",NA,NA
"3826",1,5
"3827",1,3
"3828",1,5
"3829",1,4
"3830",1,5
"3831",1,4
"3832",NA,NA
"3833",1,3
"3834",3,4
"3835",2,3
"3836",1,2
"3837",1,4
"3838",NA,NA
"3839",1,4
"3840",1,6
"3841",1,5
"3842",1,3
"3843",1,4
"3844",1,4
"3845",1,4
"3846",1,3
"3847",1,3
"3848",1,3
"3849",1,4
"3850",1,4
"3851",1,5
"3852",1,5
"3853",NA,4
"3854",1,4
"3855",1,5
"3856",1,1
"3857",1,3
"3858",1,4
"3859",1,3
"3860",1,4
"3861",1,2
"3862",1,3
"3863",NA,NA
"3864",1,4
"3865",NA,NA
"3866",1,4
"3867",1,4
"3868",1,4
"3869",1,4
"3870",1,4
"3871",1,2
"3872",1,4
"3873",1,5
"3874",1,3
"3875",1,4
"3876",1,3
"3877",1,2
"3878",1,4
"3879",1,2
"3880",1,3
"3881",2,4
"3882",1,2
"3883",NA,NA
"3884",1,6
"3885",1,4
"3886",1,5
"3887",1,5
"3888",NA,6
"3889",1,6
"3890",1,6
"3891",1,4
"3892",NA,NA
"3893",1,4
"3894",1,4
"3895",1,4
"3896",1,5
"3897",1,6
"3898",1,5
"3899",1,4
"3900",1,2
"3901",1,4
"3902",1,5
"3903",1,5
"3904",1,2
"3905",NA,NA
"3906",1,4
"3907",NA,NA
"3908",1,6
"3909",1,2
"3910",NA,NA
"3911",1,3
"3912",1,6
"3913",1,4
"3914",1,3
"3915",1,5
"3916",1,4
"3917",1,2
"3918",1,5
"3919",1,6
"3920",1,4
"3921",1,3
"3922",1,4
"3923",1,4
"3924",1,3
"3925",1,4
"3926",1,4
"3927",1,4
"3928",1,5
"3929",NA,NA
"3930",1,4
"3931",1,4
"3932",1,5
"3933",1,4
"3934",1,4
"3935",1,1
"3936",1,5
"3937",1,2
"3938",1,4
"3939",2,3
"3940",1,5
"3941",1,2
"3942",1,4
"3943",1,5
"3944",1,4
"3945",1,3
"3946",1,5
"3947",1,2
"3948",1,3
"3949",1,4
"3950",NA,NA
"3951",1,4
"3952",1,3
"3953",1,4
"3954",1,3
"3955",1,3
"3956",1,4
"3957",1,3
"3958",1,6
"3959",1,4
"3960",1,3
"3961",1,4
"3962",1,4
"3963",1,4
"3964",1,4
"3965",1,5
"3966",1,3
"3967",1,4
"3968",1,4
"3969",1,4
"3970",1,4
"3971",1,5
"3972",1,5
"3973",1,3
"3974",1,3
"3975",1,5
"3976",1,4
"3977",1,3
"3978",1,3
"3979",1,3
"3980",1,2
"3981",1,4
"3982",1,5
"3983",1,3
"3984",1,4
"3985",NA,NA
"3986",1,3
"3987",2,3
"3988",1,4
"3989",1,2
"3990",2,4
"3991",1,4
"3992",1,4
"3993",1,2
"3994",1,4
"3995",1,4
"3996",1,4
"3997",1,5
"3998",1,5
"3999",1,4
"4000",1,5
"4001",1,4
"4002",1,3
"4003",1,4
"4004",1,3
"4005",1,4
"4006",NA,NA
"4007",1,4
"4008",1,5
"4009",1,4
"4010",1,5
"4011",1,4
"4012",1,4
"4013",1,4
"4014",1,5
"4015",1,4
"4016",1,6
"4017",1,5
"4018",1,4
"4019",1,2
"4020",1,6
"4021",1,6
"4022",NA,NA
"4023",1,4
"4024",1,4
"4025",1,4
"4026",1,2
"4027",2,2
"4028",1,3
"4029",1,4
"4030",1,3
"4031",1,4
"4032",1,4
"4033",1,3
"4034",1,1
"4035",1,4
"4036",1,5
"4037",1,3
"4038",1,4
"4039",1,4
"4040",NA,NA
"4041",1,4
"4042",1,2
"4043",1,5
"4044",1,5
"4045",1,3
"4046",1,5
"4047",1,6
"4048",1,5
"4049",1,4
"4050",1,6
"4051",1,6
"4052",1,3
"4053",1,3
"4054",1,3
"4055",1,3
"4056",1,5
"4057",1,3
"4058",1,4
"4059",1,3
"4060",1,5
"4061",1,4
"4062",1,5
"4063",NA,NA
"4064",1,4
"4065",1,2
"4066",1,3
"4067",1,5
"4068",1,2
"4069",2,2
"4070",1,4
"4071",1,4
"4072",1,2
"4073",1,4
"4074",1,5
"4075",1,4
"4076",NA,NA
"4077",1,4
"4078",1,2
"4079",2,4
"4080",1,2
"4081",1,6
"4082",1,4
"4083",1,6
"4084",1,4
"4085",1,6
"4086",NA,NA
"4087",1,5
"4088",2,4
"4089",1,3
"4090",1,4
"4091",1,5
"4092",1,1
"4093",1,4
"4094",1,4
"4095",1,4
"4096",1,3
"4097",1,5
"4098",1,2
"4099",1,5
"4100",1,3
"4101",1,4
"4102",1,5
"4103",1,5
"4104",1,4
"4105",1,5
"4106",1,3
"4107",1,6
"4108",1,5
"4109",1,3
"4110",1,4
"4111",1,4
"4112",1,5
"4113",1,4
"4114",1,3
"4115",1,4
"4116",1,2
"4117",1,6
"4118",1,3
"4119",1,5
"4120",1,4
"4121",1,4
"4122",1,4
"4123",1,3
"4124",1,3
"4125",1,4
"4126",1,3
"4127",1,4
"4128",1,5
"4129",1,4
"4130",1,4
"4131",1,4
"4132",1,4
"4133",1,4
"4134",1,4
"4135",1,2
"4136",NA,NA
"4137",1,3
"4138",1,4
"4139",NA,NA
"4140",1,3
"4141",1,1
"4142",1,4
"4143",1,4
"4144",1,4
"4145",NA,NA
"4146",1,4
"4147",1,5
"4148",1,2
"4149",1,4
"4150",1,3
"4151",2,2
"4152",1,5
"4153",1,2
"4154",NA,NA
"4155",1,4
"4156",1,4
"4157",1,4
"4158",1,1
"4159",1,3
"4160",1,5
"4161",1,2
"4162",1,4
"4163",1,3
"4164",1,5
"4165",1,2
"4166",1,3
"4167",1,4
"4168",1,5
"4169",1,5
"4170",1,3
"4171",1,4
"4172",1,5
"4173",1,3
"4174",1,3
"4175",1,2
"4176",1,3
"4177",1,5
"4178",1,1
"4179",1,3
"4180",1,5
"4181",1,2
"4182",1,3
"4183",1,2
"4184",1,4
"4185",1,3
"4186",1,4
"4187",1,6
"4188",1,5
"4189",1,4
"4190",1,5
"4191",1,3
"4192",1,3
"4193",1,5
"4194",1,3
"4195",1,4
"4196",1,2
"4197",1,3
"4198",1,4
"4199",1,4
"4200",1,4
"4201",1,6
"4202",3,4
"4203",1,5
"4204",1,4
"4205",1,5
"4206",1,3
"4207",2,3
"4208",1,4
"4209",1,5
"4210",1,5
"4211",1,5
"4212",1,6
"4213",1,4
"4214",1,4
"4215",1,2
"4216",1,4
"4217",1,6
"4218",1,3
"4219",NA,NA
"4220",1,4
"4221",1,5
"4222",1,3
"4223",1,4
"4224",1,4
"4225",1,4
"4226",NA,NA
"4227",1,5
"4228",1,5
"4229",1,4
"4230",2,3
"4231",1,4
"4232",1,4
"4233",1,4
"4234",1,3
"4235",1,3
"4236",1,4
"4237",1,5
"4238",1,3
"4239",1,4
"4240",1,3
"4241",1,5
"4242",1,6
"4243",1,6
"4244",1,5
"4245",1,4
"4246",1,4
"4247",1,5
"4248",1,4
"4249",1,5
"4250",1,4
"4251",1,3
"4252",1,4
"4253",3,2
"4254",1,3
"4255",NA,NA
"4256",NA,NA
"4257",1,6
"4258",1,4
"4259",1,4
"4260",1,4
"4261",1,3
"4262",1,3
"4263",1,3
"4264",1,4
"4265",1,4
"4266",1,2
"4267",1,1
"4268",1,4
"4269",1,5
"4270",1,4
"4271",NA,NA
"4272",NA,NA
"4273",1,4
"4274",1,5
"4275",1,4
"4276",NA,NA
"4277",1,4
"4278",1,4
"4279",1,3
"4280",1,4
"4281",1,4
"4282",1,3
"4283",1,4
"4284",1,4
"4285",1,4
"4286",1,3
"4287",1,3
"4288",1,5
"4289",1,4
"4290",1,1
"4291",2,5
"4292",1,3
"4293",1,4
"4294",1,3
"4295",1,2
"4296",1,3
"4297",1,4
"4298",1,4
"4299",1,3
"4300",1,4
"4301",1,5
"4302",1,3
"4303",1,4
"4304",1,4
"4305",1,4
"4306",1,3
"4307",1,4
"4308",1,5
"4309",1,4
"4310",1,2
"4311",1,4
"4312",1,4
"4313",1,3
"4314",1,4
"4315",NA,NA
"4316",1,4
"4317",1,4
"4318",1,5
"4319",NA,NA
"4320",1,3
"4321",1,4
"4322",1,4
"4323",1,5
"4324",1,4
"4325",NA,3
"4326",1,3
"4327",2,4
"4328",1,4
"4329",2,4
"4330",1,3
"4331",1,4
"4332",3,1
"4333",1,3
"4334",1,4
"4335",1,5
"4336",1,2
"4337",1,5
"4338",NA,NA
"4339",1,2
"4340",NA,NA
"4341",1,4
"4342",1,5
"4343",1,4
"4344",1,4
"4345",1,2
"4346",1,3
"4347",1,4
"4348",1,4
"4349",1,5
"4350",1,6
"4351",1,5
"4352",1,2
"4353",1,5
"4354",1,4
"4355",1,4
"4356",1,2
"4357",NA,NA
"4358",1,1
"4359",1,4
"4360",NA,NA
"4361",1,4
"4362",1,4
"4363",2,3
"4364",1,6
"4365",1,3
"4366",1,5
"4367",1,3
"4368",1,3
"4369",NA,NA
"4370",1,3
"4371",1,3
"4372",1,4
"4373",1,4
"4374",1,4
"4375",1,4
"4376",1,4
"4377",1,6
"4378",1,3
"4379",1,4
"4380",NA,NA
"4381",1,6
"4382",1,4
"4383",1,4
"4384",1,5
"4385",2,2
"4386",1,5
"4387",1,4
"4388",1,4
"4389",NA,4
"4390",1,4
"4391",1,4
"4392",1,3
"4393",1,5
"4394",1,4
"4395",1,3
"4396",1,4
"4397",1,6
"4398",1,3
"4399",NA,2
"4400",1,2
"4401",1,3
"4402",1,2
"4403",1,4
"4404",1,4
"4405",1,4
"4406",1,5
"4407",1,5
"4408",1,4
"4409",1,3
"4410",1,3
"4411",1,3
"4412",1,4
"4413",NA,NA
"4414",1,2
"4415",1,4
"4416",1,3
"4417",1,3
"4418",1,6
"4419",1,4
"4420",1,4
"4421",1,3
"4422",1,4
"4423",1,2
"4424",1,2
"4425",3,6
"4426",1,4
"4427",1,4
"4428",1,4
"4429",NA,NA
"4430",1,2
"4431",1,4
"4432",NA,NA
"4433",1,2
"4434",1,4
"4435",1,3
"4436",1,4
"4437",1,3
"4438",1,4
"4439",2,4
"4440",1,3
"4441",1,3
"4442",1,4
"4443",2,4
"4444",1,4
"4445",1,4
"4446",1,1
"4447",1,5
"4448",1,6
"4449",1,4
"4450",1,5
"4451",NA,NA
"4452",1,4
"4453",1,4
"4454",NA,NA
"4455",2,4
"4456",1,5
"4457",1,4
"4458",1,6
"4459",1,5
"4460",1,6
"4461",2,5
"4462",1,2
"4463",1,6
"4464",2,5
"4465",NA,NA
"4466",1,4
"4467",1,3
"4468",1,4
"4469",NA,NA
"4470",1,3
"4471",1,6
"4472",1,6
"4473",1,3
"4474",1,4
"4475",1,4
"4476",1,4
"4477",1,4
"4478",1,3
"4479",1,4
"4480",1,3
"4481",1,1
"4482",1,5
"4483",2,5
"4484",1,5
"4485",1,4
"4486",1,2
"4487",1,3
"4488",2,4
"4489",1,4
"4490",1,4
"4491",NA,NA
"4492",1,6
"4493",NA,3
"4494",1,5
"4495",1,3
"4496",NA,NA
"4497",1,4
"4498",1,4
"4499",1,2
"4500",1,5
"4501",1,4
"4502",1,4
"4503",NA,NA
"4504",1,5
"4505",1,3
"4506",1,3
"4507",1,2
"4508",1,3
"4509",1,3
"4510",1,3
"4511",1,3
"4512",1,4
"4513",1,4
"4514",NA,NA
"4515",1,4
"4516",1,4
"4517",1,3
"4518",1,2
"4519",NA,NA
"4520",1,6
"4521",1,5
"4522",1,4
"4523",1,3
"4524",1,4
"4525",1,3
"4526",1,4
"4527",1,4
"4528",1,4
"4529",1,3
"4530",1,3
"4531",1,4
"4532",1,4
"4533",2,5
"4534",1,6
"4535",1,4
"4536",NA,NA
"4537",1,5
"4538",1,4
"4539",1,3
"4540",1,4
"4541",2,3
"4542",1,4
"4543",1,3
"4544",1,4
"4545",1,3
"4546",2,2
"4547",1,3
"4548",NA,NA
"4549",1,3
"4550",1,5
"4551",1,4
"4552",NA,NA
"4553",1,2
"4554",1,3
"4555",2,4
"4556",1,2
"4557",1,6
"4558",1,5
"4559",1,3
"4560",1,4
"4561",1,4
"4562",1,4
"4563",1,3
"4564",1,4
"4565",1,4
"4566",1,5
"4567",1,4
"4568",NA,NA
"4569",1,4
"4570",1,2
"4571",1,3
"4572",1,3
"4573",1,5
"4574",1,4
"4575",1,6
"4576",1,4
"4577",1,3
"4578",1,4
"4579",1,3
"4580",1,3
"4581",1,2
"4582",1,4
"4583",1,4
"4584",NA,NA
"4585",NA,NA
"4586",NA,NA
"4587",1,2
"4588",1,4
"4589",1,4
"4590",1,5
"4591",1,4
"4592",1,3
"4593",NA,NA
"4594",NA,NA
"4595",1,6
"4596",1,3
"4597",1,4
"4598",1,4
"4599",1,4
"4600",1,5
"4601",1,3
"4602",1,5
"4603",1,3
"4604",1,5
"4605",1,4
"4606",1,4
"4607",1,3
"4608",1,4
"4609",1,4
"4610",3,5
"4611",NA,5
"4612",NA,NA
"4613",1,4
"4614",1,4
"4615",NA,NA
"4616",1,3
"4617",1,4
"4618",1,6
"4619",1,6
"4620",1,3
"4621",1,4
"4622",1,5
"4623",1,4
"4624",1,4
"4625",1,3
"4626",1,2
"4627",1,2
"4628",1,4
"4629",1,4
"4630",1,4
"4631",1,3
"4632",1,4
"4633",1,3
"4634",1,4
"4635",NA,NA
"4636",1,4
"4637",1,3
"4638",1,4
"4639",1,4
"4640",1,2
"4641",1,3
"4642",1,6
"4643",1,4
"4644",1,2
"4645",1,4
"4646",1,3
"4647",NA,NA
"4648",1,3
"4649",1,4
"4650",1,4
"4651",1,2
"4652",1,3
"4653",1,4
"4654",1,3
"4655",1,3
"4656",1,5
"4657",1,5
"4658",1,5
"4659",1,5
"4660",1,4
"4661",1,6
"4662",1,3
"4663",1,3
"4664",1,6
"4665",NA,NA
"4666",1,3
"4667",1,3
"4668",NA,NA
"4669",1,3
"4670",1,4
"4671",1,4
"4672",1,4
"4673",1,4
"4674",NA,NA
"4675",1,2
"4676",1,4
"4677",1,3
"4678",1,5
"4679",1,5
"4680",1,4
"4681",NA,NA
"4682",1,5
"4683",1,4
"4684",1,4
"4685",1,4
"4686",1,3
"4687",NA,NA
"4688",1,3
"4689",1,4
"4690",1,4
"4691",1,3
"4692",NA,4
"4693",1,5
"4694",1,4
"4695",1,3
"4696",1,4
"4697",1,3
"4698",1,3
"4699",1,5
"4700",NA,NA
"4701",1,5
"4702",1,6
"4703",1,2
"4704",1,2
"4705",1,3
"4706",1,4
"4707",1,4
"4708",1,2
"4709",NA,NA
"4710",1,1
"4711",1,5
"4712",1,5
"4713",1,4
"4714",2,4
"4715",1,4
"4716",1,5
"4717",NA,4
"4718",3,4
"4719",1,4
"4720",1,3
"4721",1,4
"4722",1,5
"4723",NA,NA
"4724",1,5
"4725",NA,NA
"4726",NA,NA
"4727",1,3
"4728",1,2
"4729",1,6
"4730",NA,NA
"4731",1,3
"4732",1,3
"4733",1,4
"4734",1,6
"4735",1,3
"4736",1,4
"4737",1,2
"4738",1,3
"4739",1,5
"4740",1,2
"4741",1,2
"4742",1,3
"4743",1,6
"4744",1,5
"4745",1,4
"4746",1,4
"4747",1,4
"4748",1,4
"4749",1,3
"4750",1,4
"4751",1,6
"4752",1,6
"4753",1,3
"4754",1,5
"4755",1,4
"4756",1,6
"4757",2,3
"4758",1,4
"4759",1,4
"4760",1,2
"4761",1,4
"4762",NA,NA
"4763",1,2
"4764",1,5
"4765",1,4
"4766",1,4
"4767",1,4
"4768",1,4
"4769",1,4
"4770",1,2
"4771",1,3
"4772",1,4
"4773",NA,NA
"4774",1,4
"4775",1,3
"4776",1,4
"4777",1,5
"4778",NA,NA
"4779",1,5
"4780",NA,NA
"4781",1,4
"4782",1,4
"4783",1,3
"4784",1,5
"4785",1,4
"4786",1,4
"4787",1,4
"4788",1,5
"4789",1,5
"4790",1,4
"4791",1,5
"4792",1,5
"4793",1,4
"4794",1,3
"4795",1,4
"4796",1,4
"4797",1,5
"4798",1,4
"4799",NA,NA
"4800",1,5
"4801",1,5
"4802",1,5
"4803",1,6
"4804",1,3
"4805",1,4
"4806",1,4
"4807",NA,NA
"4808",1,4
"4809",1,4
"4810",1,3
"4811",1,5
"4812",NA,5
"4813",1,4
"4814",1,5
"4815",1,3
"4816",2,4
"4817",1,6
"4818",NA,NA
"4819",1,4
"4820",1,3
"4821",1,2
"4822",1,6
"4823",1,4
"4824",1,2
"4825",1,4
"4826",1,2
"4827",1,4
"4828",1,4
"4829",1,6
"4830",1,4
"4831",1,4
"4832",1,4
"4833",1,5
"4834",1,5
"4835",1,3
"4836",1,3
"4837",1,6
"4838",1,4
"4839",1,4
"4840",1,3
"4841",1,5
"4842",1,6
"4843",1,4
"4844",1,2
"4845",1,2
