"","win_os_perl_distro_strawberry","win_os_perl_distro_activestate","win_os_perl_distro_cygwin","win_os_perl_distro_other","win_os_perl_distro_best"
"1",1,0,0,0,1
"2",0,0,0,0,NA
"3",0,1,0,0,2
"4",0,0,0,0,NA
"5",0,0,0,0,NA
"6",1,0,0,0,1
"7",0,0,0,0,NA
"8",0,1,0,0,2
"9",0,0,0,0,NA
"10",0,1,0,0,2
"11",0,0,0,0,NA
"12",0,0,0,0,NA
"13",0,0,0,0,NA
"14",1,0,0,0,1
"15",0,0,0,0,NA
"16",0,0,0,0,NA
"17",0,0,0,0,NA
"18",0,0,0,0,NA
"19",0,0,0,0,NA
"20",0,0,0,0,NA
"21",0,1,0,0,2
"22",0,0,0,0,NA
"23",0,0,0,0,NA
"24",1,1,0,0,2
"25",0,0,0,0,NA
"26",0,0,0,0,NA
"27",0,1,0,0,1
"28",0,0,1,0,3
"29",0,1,1,0,2
"30",0,0,0,0,NA
"31",1,0,0,0,1
"32",0,1,0,0,2
"33",0,0,0,0,NA
"34",0,1,0,0,2
"35",1,0,0,0,1
"36",1,0,0,0,1
"37",0,1,0,0,2
"38",1,0,0,0,1
"39",0,0,0,0,NA
"40",0,0,0,0,NA
"41",0,0,0,0,NA
"42",0,0,0,0,NA
"43",0,0,0,0,NA
"44",0,0,1,0,3
"45",0,0,0,0,NA
"46",0,0,0,0,NA
"47",0,0,0,0,NA
"48",0,0,0,0,NA
"49",1,0,0,0,1
"50",0,0,0,0,NA
"51",0,1,0,0,2
"52",0,1,1,0,2
"53",0,0,1,0,3
"54",0,1,0,0,2
"55",0,0,0,0,NA
"56",1,0,0,0,1
"57",0,0,0,0,NA
"58",1,1,0,0,2
"59",0,0,0,0,NA
"60",0,0,0,0,NA
"61",1,1,0,0,1
"62",0,0,0,0,NA
"63",0,0,0,0,NA
"64",0,0,0,0,NA
"65",0,1,1,0,3
"66",0,1,0,0,2
"67",0,0,0,0,NA
"68",0,0,0,0,NA
"69",0,0,0,0,NA
"70",0,0,0,0,NA
"71",0,0,0,0,NA
"72",0,0,0,0,1
"73",0,1,0,0,2
"74",0,0,0,0,NA
"75",0,0,0,0,NA
"76",0,0,0,0,NA
"77",0,1,0,0,2
"78",0,0,0,0,NA
"79",0,1,1,0,3
"80",0,0,0,0,NA
"81",1,0,0,0,1
"82",0,0,0,0,NA
"83",0,0,1,0,1
"84",0,0,0,0,NA
"85",0,0,0,0,NA
"86",0,0,0,0,NA
"87",0,0,0,0,NA
"88",0,0,0,0,NA
"89",0,0,0,0,NA
"90",0,0,0,0,NA
"91",0,0,0,0,NA
"92",0,0,1,0,3
"93",0,0,0,0,NA
"94",0,1,0,0,2
"95",0,0,1,0,NA
"96",0,0,0,0,NA
"97",1,0,0,0,1
"98",0,0,0,0,NA
"99",0,0,0,0,NA
"100",1,0,0,0,2
"101",0,0,0,0,NA
"102",0,0,0,0,NA
"103",0,0,0,0,NA
"104",0,0,0,0,NA
"105",0,0,0,0,NA
"106",1,0,0,0,1
"107",0,0,0,0,NA
"108",0,0,0,0,NA
"109",0,1,0,0,2
"110",0,1,0,0,2
"111",0,1,0,0,2
"112",0,0,0,0,NA
"113",0,0,0,0,NA
"114",1,0,0,0,1
"115",0,0,0,0,NA
"116",0,0,0,0,NA
"117",1,1,0,0,1
"118",0,1,0,0,2
"119",0,1,1,0,2
"120",0,0,0,0,NA
"121",0,1,0,0,2
"122",0,0,0,0,NA
"123",0,0,0,0,NA
"124",0,0,0,0,NA
"125",0,0,0,0,NA
"126",0,1,0,0,1
"127",0,0,0,0,NA
"128",0,1,0,0,1
"129",0,1,0,0,2
"130",0,0,0,0,NA
"131",0,0,0,0,NA
"132",0,0,0,0,NA
"133",1,0,0,0,1
"134",1,0,0,0,1
"135",0,0,0,0,NA
"136",0,0,0,0,NA
"137",0,0,0,0,NA
"138",0,0,0,0,NA
"139",0,0,0,0,NA
"140",0,1,0,0,2
"141",0,1,0,0,2
"142",0,0,0,0,NA
"143",0,1,1,0,2
"144",0,0,0,0,NA
"145",0,1,0,0,2
"146",1,0,0,0,NA
"147",0,0,0,0,NA
"148",0,1,0,0,2
"149",0,1,0,0,2
"150",0,0,0,0,NA
"151",0,1,0,0,1
"152",1,0,0,0,1
"153",0,0,0,0,NA
"154",0,1,0,0,2
"155",1,0,0,0,1
"156",0,0,0,0,NA
"157",0,0,0,0,NA
"158",0,0,0,0,NA
"159",0,0,0,0,NA
"160",0,0,0,0,NA
"161",0,1,0,0,2
"162",0,0,0,0,NA
"163",1,1,0,0,1
"164",1,0,0,0,1
"165",1,0,0,0,1
"166",0,0,0,0,NA
"167",1,0,0,0,1
"168",0,0,0,0,NA
"169",0,0,0,0,NA
"170",0,0,1,0,3
"171",1,0,0,0,1
"172",0,0,0,0,NA
"173",0,0,0,0,NA
"174",1,0,0,0,1
"175",0,0,0,0,NA
"176",0,0,0,0,NA
"177",0,0,0,0,NA
"178",0,1,0,0,2
"179",0,0,0,0,NA
"180",0,0,0,0,NA
"181",0,0,0,0,NA
"182",0,0,0,0,NA
"183",1,1,0,0,1
"184",1,0,0,0,1
"185",0,0,0,0,NA
"186",0,0,0,0,NA
"187",1,0,0,0,1
"188",0,0,0,0,NA
"189",0,1,1,1,2
"190",0,0,0,0,NA
"191",0,0,0,0,NA
"192",0,0,0,0,NA
"193",0,1,0,0,2
"194",0,1,0,0,2
"195",1,1,0,0,1
"196",0,0,0,0,NA
"197",0,0,0,0,NA
"198",1,1,0,0,1
"199",1,0,0,0,1
"200",0,0,0,0,NA
"201",0,0,0,0,NA
"202",0,0,0,0,NA
"203",1,0,0,0,1
"204",0,0,0,0,NA
"205",0,0,0,0,NA
"206",0,1,0,0,2
"207",1,1,0,0,1
"208",1,0,1,0,1
"209",1,0,0,0,1
"210",0,0,1,0,3
"211",0,1,0,0,2
"212",0,0,0,0,NA
"213",0,0,0,0,NA
"214",0,1,0,0,2
"215",0,0,0,0,NA
"216",1,0,0,0,1
"217",0,0,0,0,NA
"218",0,0,0,0,NA
"219",0,0,0,0,NA
"220",0,0,0,0,NA
"221",0,0,0,0,NA
"222",0,1,0,0,2
"223",0,0,0,0,NA
"224",0,0,1,0,3
"225",0,0,0,0,NA
"226",1,0,1,0,1
"227",0,0,0,0,NA
"228",0,0,0,0,NA
"229",0,0,0,0,NA
"230",0,0,0,1,4
"231",0,0,0,0,NA
"232",0,0,0,0,NA
"233",0,0,0,0,NA
"234",0,0,0,0,NA
"235",0,1,0,0,2
"236",0,1,0,0,NA
"237",0,0,1,0,3
"238",0,1,0,0,2
"239",1,0,0,0,1
"240",0,1,0,0,2
"241",1,0,0,0,1
"242",1,1,0,0,1
"243",0,0,0,0,NA
"244",0,0,0,0,NA
"245",0,0,0,0,NA
"246",0,0,0,0,NA
"247",1,0,0,0,1
"248",0,0,0,0,NA
"249",0,1,0,0,2
"250",0,0,0,0,NA
"251",0,0,0,0,NA
"252",0,0,0,0,NA
"253",0,0,1,0,3
"254",0,0,0,0,NA
"255",0,0,0,0,NA
"256",0,0,0,0,NA
"257",0,1,0,0,2
"258",0,1,0,0,3
"259",1,0,0,0,1
"260",0,0,0,0,NA
"261",0,0,0,0,NA
"262",0,1,1,0,2
"263",0,0,0,0,NA
"264",0,0,0,0,NA
"265",0,1,0,0,2
"266",0,0,0,0,NA
"267",0,1,0,0,2
"268",0,0,1,0,3
"269",0,0,0,0,NA
"270",1,0,0,0,1
"271",0,0,0,0,NA
"272",0,0,0,0,NA
"273",1,0,0,0,1
"274",0,0,1,0,3
"275",0,1,0,0,2
"276",0,0,0,0,NA
"277",0,1,0,0,2
"278",0,1,1,0,3
"279",0,0,0,0,NA
"280",0,0,1,0,3
"281",0,1,0,0,2
"282",0,0,0,0,NA
"283",1,0,0,0,1
"284",0,0,0,0,NA
"285",0,0,0,0,NA
"286",0,0,0,0,NA
"287",1,1,0,0,1
"288",0,1,0,0,4
"289",0,0,0,0,NA
"290",0,0,0,0,NA
"291",0,0,1,0,3
"292",0,0,0,0,NA
"293",0,0,0,0,NA
"294",0,1,0,0,2
"295",0,1,0,0,2
"296",0,1,0,0,NA
"297",0,0,1,0,3
"298",1,1,1,0,2
"299",0,1,0,0,2
"300",0,1,0,0,2
"301",0,1,0,0,2
"302",0,1,0,0,2
"303",0,0,0,0,NA
"304",1,0,0,0,1
"305",0,1,1,0,2
"306",0,1,0,0,2
"307",1,0,0,0,1
"308",0,0,1,0,3
"309",0,1,0,0,2
"310",0,0,0,0,NA
"311",0,1,0,0,2
"312",0,0,0,0,NA
"313",0,0,0,0,NA
"314",0,1,0,0,1
"315",0,1,0,0,2
"316",0,0,0,0,NA
"317",0,0,0,0,NA
"318",0,0,0,0,NA
"319",1,0,0,0,1
"320",0,1,1,0,2
"321",0,0,0,0,NA
"322",0,0,0,0,NA
"323",0,0,0,0,NA
"324",0,0,0,0,NA
"325",0,0,0,0,NA
"326",0,1,0,0,4
"327",0,0,0,0,NA
"328",0,0,0,0,NA
"329",0,0,0,0,NA
"330",0,1,0,0,2
"331",0,0,0,0,NA
"332",0,0,0,0,NA
"333",0,0,0,0,NA
"334",0,0,0,0,2
"335",0,0,0,0,NA
"336",0,1,0,0,2
"337",0,0,0,0,NA
"338",0,0,0,0,NA
"339",0,0,0,0,NA
"340",0,1,0,0,2
"341",0,1,0,0,NA
"342",0,0,0,0,NA
"343",0,0,0,0,NA
"344",0,1,0,1,2
"345",0,0,1,0,3
"346",1,1,0,0,1
"347",0,1,0,0,2
"348",0,1,0,0,2
"349",0,0,0,0,NA
"350",0,0,0,0,NA
"351",0,0,0,0,NA
"352",0,1,0,0,2
"353",0,0,0,0,NA
"354",0,0,0,0,NA
"355",1,0,0,0,1
"356",0,0,0,0,NA
"357",0,0,0,0,NA
"358",0,0,0,0,NA
"359",0,0,0,0,NA
"360",0,1,0,0,2
"361",0,1,0,0,2
"362",0,0,0,0,NA
"363",1,0,0,0,1
"364",0,0,0,0,NA
"365",0,0,0,0,NA
"366",0,0,0,0,NA
"367",0,1,0,0,2
"368",1,0,0,0,1
"369",0,0,0,0,NA
"370",0,1,0,0,2
"371",0,0,0,0,NA
"372",0,1,0,0,1
"373",1,0,0,0,1
"374",0,0,0,0,NA
"375",1,0,0,0,2
"376",0,0,0,0,NA
"377",0,0,0,0,NA
"378",0,1,1,0,2
"379",0,0,0,0,NA
"380",0,1,0,1,4
"381",0,0,0,0,NA
"382",0,0,0,0,NA
"383",0,0,0,0,NA
"384",0,0,0,0,NA
"385",0,0,0,0,NA
"386",0,0,0,0,NA
"387",0,0,0,0,NA
"388",0,0,0,0,NA
"389",0,1,0,0,NA
"390",0,0,0,0,NA
"391",0,0,0,0,NA
"392",0,0,0,0,NA
"393",1,0,0,0,1
"394",0,0,0,0,NA
"395",0,0,0,0,NA
"396",0,0,0,0,NA
"397",0,0,0,0,NA
"398",1,0,0,0,1
"399",0,0,0,0,NA
"400",1,1,0,0,1
"401",0,0,0,0,NA
"402",0,1,0,0,2
"403",0,0,0,0,NA
"404",0,0,0,0,NA
"405",1,0,0,0,1
"406",0,0,0,0,NA
"407",0,0,0,0,NA
"408",0,0,0,0,NA
"409",0,1,0,0,2
"410",0,0,0,0,NA
"411",0,0,0,0,NA
"412",0,0,0,0,NA
"413",0,0,0,0,NA
"414",0,0,0,0,NA
"415",0,0,1,0,3
"416",0,1,0,0,2
"417",0,0,0,0,NA
"418",1,0,0,0,1
"419",0,0,0,0,NA
"420",0,0,0,0,NA
"421",0,0,0,0,NA
"422",1,0,0,0,1
"423",0,0,0,0,NA
"424",0,1,0,0,2
"425",0,0,0,0,NA
"426",0,0,0,0,NA
"427",0,1,0,0,2
"428",0,0,0,0,NA
"429",0,1,0,0,2
"430",0,0,0,0,NA
"431",0,0,1,0,NA
"432",0,0,0,0,NA
"433",0,1,0,0,1
"434",0,0,0,0,NA
"435",0,0,0,0,NA
"436",0,0,0,0,NA
"437",0,1,0,0,2
"438",0,0,0,0,NA
"439",0,0,0,0,NA
"440",0,0,0,0,NA
"441",0,0,0,0,NA
"442",0,0,0,0,NA
"443",0,1,0,0,2
"444",0,0,0,0,NA
"445",0,0,0,0,NA
"446",0,0,0,0,NA
"447",0,0,0,0,NA
"448",1,1,0,0,1
"449",0,0,0,0,NA
"450",0,0,1,0,3
"451",0,0,0,0,NA
"452",0,0,0,0,NA
"453",1,0,0,0,1
"454",1,0,0,0,1
"455",0,0,0,0,NA
"456",0,0,0,0,NA
"457",1,0,0,1,1
"458",0,0,0,0,NA
"459",0,0,1,0,3
"460",0,1,0,0,1
"461",0,0,0,1,1
"462",0,0,0,0,NA
"463",0,0,0,0,NA
"464",1,1,0,0,1
"465",0,0,0,0,1
"466",0,0,0,0,NA
"467",0,0,0,0,NA
"468",0,0,0,0,NA
"469",0,0,0,0,NA
"470",1,0,1,0,1
"471",0,0,0,0,NA
"472",0,0,0,0,NA
"473",0,1,0,0,2
"474",0,0,0,0,NA
"475",0,0,1,0,3
"476",0,0,1,0,3
"477",0,0,1,0,3
"478",0,1,0,0,2
"479",0,0,0,0,NA
"480",0,0,0,0,NA
"481",0,0,0,0,NA
"482",0,1,0,0,NA
"483",1,0,0,0,1
"484",0,0,0,0,NA
"485",0,0,1,0,3
"486",0,0,0,0,NA
"487",0,0,0,0,NA
"488",0,0,0,0,NA
"489",0,1,0,0,2
"490",0,0,0,0,NA
"491",0,0,0,0,NA
"492",0,0,0,0,NA
"493",0,0,0,0,NA
"494",1,0,0,0,NA
"495",0,0,0,0,NA
"496",0,1,0,0,2
"497",0,0,0,0,NA
"498",0,1,0,0,2
"499",0,0,0,0,NA
"500",0,0,0,0,NA
"501",0,0,1,0,NA
"502",0,0,0,0,NA
"503",0,0,0,0,NA
"504",1,0,0,0,1
"505",1,1,0,0,1
"506",0,0,0,0,NA
"507",0,0,0,0,NA
"508",0,0,0,0,NA
"509",0,0,1,0,3
"510",0,0,0,0,NA
"511",0,1,0,0,2
"512",1,1,0,0,1
"513",1,0,0,0,1
"514",0,0,0,0,NA
"515",0,0,0,0,NA
"516",0,0,0,0,NA
"517",0,1,0,0,NA
"518",0,0,0,0,NA
"519",0,0,0,0,NA
"520",0,0,0,0,NA
"521",0,0,0,0,NA
"522",0,0,1,0,3
"523",0,0,1,0,3
"524",0,0,0,0,NA
"525",0,0,1,0,3
"526",0,1,0,0,1
"527",0,1,0,0,2
"528",0,0,0,0,NA
"529",0,0,0,1,2
"530",0,1,0,0,1
"531",0,0,0,0,NA
"532",0,0,0,0,NA
"533",0,0,0,0,NA
"534",0,1,0,0,2
"535",0,1,0,0,2
"536",1,0,0,0,1
"537",0,1,0,0,2
"538",0,0,0,0,NA
"539",0,1,0,0,2
"540",0,1,0,0,2
"541",0,0,0,0,NA
"542",0,0,0,0,NA
"543",0,1,0,0,2
"544",0,1,0,0,2
"545",0,0,0,0,NA
"546",0,0,0,0,NA
"547",0,1,0,0,2
"548",0,0,0,0,NA
"549",0,0,0,0,NA
"550",0,0,0,0,NA
"551",0,1,0,0,2
"552",0,0,0,0,NA
"553",0,0,0,0,NA
"554",0,0,0,0,NA
"555",0,0,0,0,NA
"556",0,0,0,0,4
"557",0,0,1,0,3
"558",1,1,0,0,2
"559",0,0,0,0,NA
"560",0,0,0,1,NA
"561",0,0,0,0,NA
"562",0,0,0,0,NA
"563",0,1,1,0,2
"564",0,0,0,1,1
"565",0,0,0,0,NA
"566",0,0,0,0,NA
"567",0,0,0,0,NA
"568",0,0,0,0,NA
"569",0,0,1,0,3
"570",0,0,0,0,NA
"571",0,0,0,0,NA
"572",0,0,0,0,NA
"573",0,0,1,0,3
"574",0,0,0,0,NA
"575",0,1,0,0,2
"576",0,0,0,0,NA
"577",0,0,0,0,NA
"578",0,1,0,0,2
"579",0,0,0,0,NA
"580",1,1,1,0,3
"581",0,0,0,0,NA
"582",0,0,0,0,NA
"583",0,0,0,0,NA
"584",0,0,0,0,NA
"585",0,1,1,0,2
"586",0,0,0,0,NA
"587",0,1,0,0,1
"588",0,1,0,0,2
"589",0,0,0,0,NA
"590",0,0,0,0,NA
"591",0,0,0,0,NA
"592",0,0,0,0,NA
"593",1,0,0,0,1
"594",0,1,0,0,2
"595",0,1,0,0,2
"596",0,0,0,0,NA
"597",1,0,0,0,1
"598",0,0,0,0,NA
"599",0,0,0,0,NA
"600",1,0,1,0,1
"601",0,0,0,0,NA
"602",0,0,0,0,NA
"603",0,0,0,0,NA
"604",0,0,0,0,NA
"605",1,1,0,0,2
"606",0,0,0,0,NA
"607",0,0,0,0,NA
"608",0,0,0,0,NA
"609",0,0,0,0,NA
"610",0,1,0,0,2
"611",0,0,0,0,NA
"612",0,0,0,0,NA
"613",0,1,1,0,2
"614",0,0,0,0,NA
"615",0,0,0,0,NA
"616",0,0,0,0,NA
"617",0,0,0,0,NA
"618",1,0,0,0,1
"619",0,0,0,0,NA
"620",0,0,0,0,NA
"621",0,0,0,0,NA
"622",0,0,0,0,NA
"623",1,0,0,0,1
"624",0,0,0,0,NA
"625",0,0,0,0,NA
"626",0,1,0,0,2
"627",0,0,0,0,NA
"628",1,1,0,0,1
"629",0,0,0,0,NA
"630",0,0,0,0,NA
"631",0,1,1,0,2
"632",0,0,1,0,3
"633",0,1,1,0,2
"634",0,0,0,0,NA
"635",0,0,0,0,NA
"636",1,0,0,0,1
"637",0,0,0,0,NA
"638",0,0,0,0,NA
"639",0,1,0,0,2
"640",0,0,0,0,NA
"641",0,0,0,0,NA
"642",0,0,1,0,3
"643",0,1,0,0,4
"644",0,0,0,0,NA
"645",0,0,0,0,NA
"646",1,1,0,0,1
"647",0,0,0,0,NA
"648",0,0,0,0,NA
"649",0,0,1,0,3
"650",1,0,0,0,1
"651",0,0,0,0,NA
"652",0,1,1,0,NA
"653",1,0,0,0,1
"654",0,0,0,0,NA
"655",0,0,0,0,NA
"656",0,0,0,0,NA
"657",0,1,0,0,2
"658",0,1,1,0,2
"659",0,0,0,0,NA
"660",1,0,0,0,1
"661",0,0,0,0,NA
"662",0,0,0,0,NA
"663",1,1,0,0,1
"664",1,0,0,0,1
"665",0,0,0,0,NA
"666",0,1,0,0,4
"667",0,0,0,0,NA
"668",1,0,0,0,1
"669",0,1,0,0,2
"670",0,0,0,0,NA
"671",0,1,0,0,2
"672",1,0,0,0,1
"673",0,0,0,0,NA
"674",0,1,0,0,2
"675",0,0,0,0,NA
"676",0,0,0,0,NA
"677",0,0,0,0,NA
"678",0,0,1,0,NA
"679",0,0,0,0,NA
"680",0,0,0,0,NA
"681",0,0,0,0,NA
"682",0,0,0,0,NA
"683",0,0,0,0,NA
"684",0,0,0,0,NA
"685",0,1,0,0,2
"686",0,0,0,0,NA
"687",0,0,0,0,NA
"688",0,0,0,0,NA
"689",0,1,0,0,2
"690",0,0,0,0,NA
"691",1,0,0,0,1
"692",0,0,0,0,NA
"693",0,1,0,0,1
"694",0,0,0,0,NA
"695",0,0,0,0,NA
"696",0,1,0,0,2
"697",0,0,0,0,NA
"698",0,0,0,0,NA
"699",0,0,0,0,NA
"700",0,1,0,0,2
"701",1,0,0,0,1
"702",0,1,0,0,2
"703",0,0,1,0,3
"704",0,0,0,0,NA
"705",1,0,1,0,1
"706",0,0,0,0,NA
"707",0,1,0,0,2
"708",0,0,0,0,1
"709",0,0,0,0,NA
"710",0,0,0,0,NA
"711",0,0,0,0,NA
"712",0,0,0,0,NA
"713",0,0,0,0,NA
"714",0,0,0,0,NA
"715",0,0,0,1,1
"716",0,0,0,0,NA
"717",0,0,0,0,NA
"718",0,0,0,0,NA
"719",0,0,0,0,NA
"720",0,1,0,0,2
"721",1,1,0,0,1
"722",0,0,0,0,NA
"723",0,0,0,1,4
"724",0,0,0,0,NA
"725",0,1,0,0,2
"726",0,0,0,0,NA
"727",0,1,1,0,3
"728",0,0,0,0,NA
"729",0,0,0,0,NA
"730",0,0,0,1,4
"731",0,0,0,0,NA
"732",0,1,0,0,2
"733",0,0,0,0,NA
"734",1,0,0,0,1
"735",0,1,0,0,2
"736",0,1,0,0,2
"737",1,0,0,0,1
"738",1,0,0,0,1
"739",0,0,0,0,NA
"740",1,0,0,0,1
"741",1,1,0,0,1
"742",0,0,0,0,NA
"743",0,1,0,0,2
"744",0,0,0,0,NA
"745",0,0,0,0,NA
"746",0,0,0,0,NA
"747",0,1,0,0,2
"748",0,1,0,0,2
"749",0,0,0,0,NA
"750",0,0,0,0,NA
"751",0,0,0,0,NA
"752",0,1,0,0,2
"753",1,0,0,0,1
"754",0,0,0,0,NA
"755",1,0,0,0,1
"756",0,0,0,0,NA
"757",0,0,1,0,3
"758",0,1,0,0,2
"759",0,0,0,0,NA
"760",0,0,0,0,NA
"761",0,0,0,0,NA
"762",0,0,0,0,NA
"763",0,0,0,0,3
"764",0,0,0,0,NA
"765",0,1,0,0,2
"766",0,1,0,0,2
"767",0,1,0,0,NA
"768",0,1,0,0,2
"769",0,0,0,0,NA
"770",0,1,0,0,2
"771",0,0,0,0,NA
"772",0,0,0,0,NA
"773",0,0,0,0,NA
"774",1,0,0,0,1
"775",0,0,0,0,NA
"776",0,1,0,0,2
"777",0,1,1,0,2
"778",0,0,0,0,NA
"779",0,0,0,0,NA
"780",0,0,0,0,NA
"781",0,0,0,0,NA
"782",0,0,0,0,NA
"783",0,0,0,0,NA
"784",0,1,0,0,2
"785",0,1,0,0,2
"786",0,0,0,0,NA
"787",1,0,0,0,1
"788",1,0,0,0,1
"789",0,0,0,0,NA
"790",0,0,0,1,4
"791",0,0,1,0,1
"792",1,1,1,0,1
"793",0,0,0,0,NA
"794",0,1,1,0,2
"795",0,0,0,0,NA
"796",0,0,0,0,NA
"797",0,1,0,0,2
"798",1,0,0,0,1
"799",0,0,0,0,NA
"800",0,0,0,0,NA
"801",0,1,1,0,2
"802",0,0,0,0,NA
"803",0,0,0,0,NA
"804",0,1,0,0,NA
"805",1,0,0,0,1
"806",0,1,0,0,2
"807",0,0,0,0,NA
"808",0,1,0,0,2
"809",0,0,1,0,3
"810",0,0,0,0,NA
"811",0,0,1,0,3
"812",0,0,0,0,NA
"813",0,0,0,0,NA
"814",0,0,1,0,3
"815",0,0,0,0,NA
"816",0,1,0,0,2
"817",0,0,0,0,NA
"818",0,0,0,0,NA
"819",0,0,0,0,NA
"820",0,0,0,0,NA
"821",0,0,0,0,NA
"822",0,0,0,0,NA
"823",0,1,0,0,2
"824",0,1,0,0,2
"825",0,1,0,0,2
"826",1,0,0,0,1
"827",0,1,0,0,2
"828",0,0,0,0,NA
"829",0,1,0,0,2
"830",1,0,0,0,1
"831",0,0,0,0,NA
"832",0,0,0,0,NA
"833",0,0,0,0,NA
"834",1,0,0,0,1
"835",0,0,0,0,NA
"836",0,1,1,0,3
"837",0,0,0,0,NA
"838",0,1,0,0,2
"839",0,1,0,0,2
"840",0,0,0,0,NA
"841",0,0,0,0,NA
"842",0,0,0,0,NA
"843",0,0,0,0,NA
"844",0,0,0,0,NA
"845",0,0,0,0,NA
"846",0,0,0,0,NA
"847",0,1,0,0,2
"848",0,0,0,0,NA
"849",0,1,0,0,1
"850",0,0,0,0,NA
"851",0,0,0,0,NA
"852",0,0,0,0,NA
"853",0,0,0,0,NA
"854",0,1,0,0,2
"855",1,0,0,0,1
"856",0,0,0,0,NA
"857",1,0,0,0,1
"858",0,0,0,0,NA
"859",0,0,0,0,NA
"860",0,0,1,0,3
"861",1,1,0,0,2
"862",0,1,0,0,2
"863",0,1,0,0,NA
"864",0,0,0,0,NA
"865",0,0,0,0,NA
"866",0,1,0,0,NA
"867",0,0,0,0,NA
"868",0,1,0,0,2
"869",0,0,0,0,NA
"870",0,1,0,0,2
"871",0,0,0,0,NA
"872",0,0,0,0,NA
"873",0,0,0,0,NA
"874",1,0,0,0,1
"875",0,0,0,0,NA
"876",1,0,0,0,1
"877",0,1,0,0,2
"878",0,0,0,0,NA
"879",0,0,0,1,NA
"880",0,0,0,0,NA
"881",0,0,0,0,NA
"882",0,0,0,0,NA
"883",0,0,0,0,NA
"884",0,1,0,0,2
"885",1,0,0,0,1
"886",0,0,0,0,NA
"887",0,1,1,0,NA
"888",0,0,0,0,NA
"889",0,0,1,0,3
"890",0,0,0,0,NA
"891",0,1,0,0,2
"892",0,0,0,0,NA
"893",0,0,0,0,NA
"894",0,0,1,0,3
"895",1,1,0,0,1
"896",1,1,0,0,1
"897",0,1,1,0,2
"898",0,1,0,0,2
"899",0,0,0,0,NA
"900",0,0,0,0,NA
"901",0,0,0,0,NA
"902",0,0,0,0,NA
"903",0,0,0,0,NA
"904",0,0,0,0,NA
"905",0,0,0,0,NA
"906",1,1,0,0,2
"907",0,0,0,0,NA
"908",0,0,0,0,NA
"909",0,1,0,0,2
"910",0,1,0,0,2
"911",0,0,0,0,NA
"912",0,0,0,0,NA
"913",0,1,0,0,1
"914",0,0,0,0,NA
"915",0,1,0,0,2
"916",0,0,0,0,NA
"917",0,0,0,0,NA
"918",0,0,0,0,NA
"919",1,0,0,0,1
"920",0,0,0,0,2
"921",0,0,0,0,NA
"922",0,0,0,0,NA
"923",1,0,1,0,3
"924",1,0,1,0,1
"925",0,0,0,0,NA
"926",0,1,0,0,2
"927",0,0,0,0,NA
"928",0,0,0,0,NA
"929",0,0,0,0,NA
"930",0,0,0,0,NA
"931",0,0,0,0,NA
"932",0,0,0,0,NA
"933",0,0,0,0,NA
"934",1,1,1,0,3
"935",0,0,0,0,NA
"936",0,1,0,0,4
"937",0,0,0,0,NA
"938",0,0,0,0,NA
"939",0,0,0,0,NA
"940",0,1,0,0,NA
"941",0,1,1,0,2
"942",0,0,0,0,NA
"943",0,0,0,0,NA
"944",1,0,0,0,1
"945",0,0,0,0,NA
"946",0,1,0,0,2
"947",0,0,0,0,NA
"948",0,0,0,0,NA
"949",0,0,1,0,3
"950",1,1,0,0,1
"951",0,0,0,0,NA
"952",0,0,0,0,NA
"953",0,0,0,0,NA
"954",0,0,0,0,NA
"955",0,0,0,0,NA
"956",0,1,0,0,1
"957",0,1,0,0,2
"958",0,0,0,0,NA
"959",0,0,0,0,NA
"960",0,0,0,0,NA
"961",0,0,0,0,NA
"962",0,1,0,0,2
"963",0,1,0,0,2
"964",0,0,0,0,NA
"965",0,0,0,0,NA
"966",0,1,0,0,2
"967",0,0,0,0,NA
"968",0,1,0,0,2
"969",0,1,0,0,2
"970",0,1,0,0,2
"971",0,0,0,0,NA
"972",0,0,0,0,NA
"973",0,0,0,0,NA
"974",0,0,0,0,NA
"975",0,1,1,0,NA
"976",1,0,1,0,1
"977",0,0,0,0,NA
"978",0,0,0,0,NA
"979",1,0,0,0,1
"980",0,0,0,0,NA
"981",0,0,0,0,NA
"982",0,0,1,0,3
"983",0,0,0,0,NA
"984",0,0,0,0,NA
"985",0,0,0,0,NA
"986",0,1,0,0,3
"987",0,0,0,0,NA
"988",0,0,0,0,NA
"989",0,0,0,0,NA
"990",0,0,0,0,NA
"991",0,0,0,0,NA
"992",0,1,0,0,2
"993",0,0,0,0,NA
"994",0,0,0,0,NA
"995",0,0,0,0,NA
"996",1,0,0,0,1
"997",1,0,0,0,1
"998",0,0,0,0,NA
"999",0,0,1,0,3
"1000",0,1,0,0,2
"1001",0,0,1,0,2
"1002",0,0,0,0,NA
"1003",0,0,1,0,1
"1004",0,1,0,0,2
"1005",0,0,1,0,NA
"1006",0,0,0,0,NA
"1007",0,0,0,0,NA
"1008",0,0,0,0,NA
"1009",0,1,0,0,2
"1010",0,0,0,0,1
"1011",1,0,0,0,1
"1012",1,1,0,0,2
"1013",0,0,0,0,NA
"1014",0,1,0,0,2
"1015",1,0,0,0,1
"1016",0,1,0,0,2
"1017",0,0,0,0,NA
"1018",0,0,0,0,1
"1019",0,1,0,0,2
"1020",0,0,0,0,NA
"1021",0,0,1,1,3
"1022",0,0,0,0,NA
"1023",0,0,0,0,NA
"1024",0,0,0,0,NA
"1025",0,0,1,0,3
"1026",0,0,0,0,NA
"1027",0,0,0,0,NA
"1028",0,0,0,1,NA
"1029",0,1,0,0,2
"1030",0,0,0,0,NA
"1031",0,1,0,0,2
"1032",1,0,0,0,1
"1033",0,1,0,0,2
"1034",0,0,0,0,NA
"1035",0,0,0,0,NA
"1036",0,0,0,0,NA
"1037",0,1,0,0,2
"1038",0,0,1,0,3
"1039",0,0,0,0,NA
"1040",0,0,0,0,NA
"1041",1,0,0,0,1
"1042",0,0,0,0,NA
"1043",0,1,0,0,2
"1044",0,0,0,0,NA
"1045",0,0,1,0,3
"1046",0,0,0,0,NA
"1047",0,0,0,0,NA
"1048",0,0,0,0,NA
"1049",0,0,0,0,NA
"1050",0,0,0,1,4
"1051",0,1,0,0,1
"1052",0,1,0,0,2
"1053",1,0,0,0,1
"1054",0,0,0,0,NA
"1055",0,0,0,0,NA
"1056",0,1,1,0,2
"1057",0,1,0,0,2
"1058",0,0,0,0,NA
"1059",0,0,0,0,NA
"1060",1,1,0,0,1
"1061",0,0,0,0,NA
"1062",0,0,0,0,NA
"1063",0,0,0,0,NA
"1064",0,0,0,0,NA
"1065",0,1,0,0,2
"1066",0,0,0,0,NA
"1067",0,0,0,0,NA
"1068",0,0,0,0,NA
"1069",0,1,0,0,2
"1070",0,1,0,0,2
"1071",0,0,0,0,NA
"1072",1,1,0,0,1
"1073",0,0,0,0,NA
"1074",1,0,0,0,1
"1075",0,0,0,0,NA
"1076",0,1,0,0,2
"1077",0,0,0,0,NA
"1078",0,1,1,0,3
"1079",0,1,0,0,2
"1080",1,0,0,0,1
"1081",0,0,0,0,NA
"1082",0,0,0,0,NA
"1083",0,0,0,0,NA
"1084",1,0,0,0,1
"1085",0,0,0,0,NA
"1086",0,0,0,0,3
"1087",0,1,1,0,2
"1088",0,0,0,0,NA
"1089",0,0,0,0,NA
"1090",0,0,0,0,NA
"1091",0,1,0,0,2
"1092",1,0,0,0,1
"1093",0,0,0,0,NA
"1094",0,0,0,0,NA
"1095",0,0,0,0,NA
"1096",0,0,0,0,NA
"1097",0,1,0,0,2
"1098",0,0,0,0,NA
"1099",1,0,1,0,3
"1100",0,0,0,0,NA
"1101",0,0,0,0,NA
"1102",0,0,0,0,NA
"1103",0,1,0,0,2
"1104",0,0,0,0,NA
"1105",0,1,0,0,1
"1106",0,0,0,0,NA
"1107",0,1,1,0,NA
"1108",0,0,0,0,NA
"1109",0,0,0,0,NA
"1110",0,1,0,0,2
"1111",0,0,0,0,NA
"1112",0,1,0,0,2
"1113",0,0,0,0,NA
"1114",0,0,0,0,NA
"1115",0,0,0,1,2
"1116",0,1,0,0,2
"1117",0,0,0,0,NA
"1118",0,0,0,0,NA
"1119",0,0,0,0,NA
"1120",0,0,0,0,NA
"1121",0,0,0,0,NA
"1122",0,1,0,0,3
"1123",1,1,0,0,1
"1124",0,0,0,0,NA
"1125",0,0,0,0,NA
"1126",0,0,0,0,NA
"1127",0,1,0,0,1
"1128",0,0,0,0,NA
"1129",0,0,0,0,NA
"1130",0,0,1,0,NA
"1131",0,1,0,0,2
"1132",0,0,0,0,NA
"1133",0,0,0,0,NA
"1134",0,0,0,0,NA
"1135",0,0,0,0,NA
"1136",1,0,0,0,1
"1137",0,0,0,0,NA
"1138",0,1,0,0,2
"1139",0,0,0,0,NA
"1140",0,1,0,1,4
"1141",0,0,0,0,NA
"1142",0,0,0,0,NA
"1143",0,0,0,0,NA
"1144",1,0,0,0,1
"1145",1,1,0,0,1
"1146",1,0,1,0,1
"1147",0,0,0,0,NA
"1148",0,0,0,0,NA
"1149",0,0,0,0,NA
"1150",0,0,0,0,NA
"1151",0,1,1,0,2
"1152",0,0,0,0,NA
"1153",0,0,0,0,NA
"1154",0,0,0,0,NA
"1155",0,0,0,0,NA
"1156",0,0,0,0,NA
"1157",0,0,0,0,NA
"1158",0,1,0,0,2
"1159",0,0,0,0,NA
"1160",0,0,0,0,NA
"1161",0,0,0,0,NA
"1162",0,0,0,0,NA
"1163",0,0,0,0,NA
"1164",0,0,0,0,NA
"1165",0,1,0,0,2
"1166",0,1,0,0,2
"1167",0,0,0,0,NA
"1168",0,0,0,0,NA
"1169",0,0,0,0,NA
"1170",0,0,0,0,NA
"1171",0,0,0,0,NA
"1172",0,0,0,0,NA
"1173",0,0,0,0,NA
"1174",0,0,0,0,NA
"1175",0,0,0,0,NA
"1176",0,0,0,0,NA
"1177",0,0,0,0,NA
"1178",1,0,1,0,1
"1179",1,1,0,0,1
"1180",0,1,1,0,2
"1181",0,1,0,0,2
"1182",1,1,1,0,1
"1183",0,0,0,0,NA
"1184",0,0,0,0,NA
"1185",0,0,0,0,NA
"1186",0,0,0,0,NA
"1187",0,0,0,0,NA
"1188",0,1,0,0,NA
"1189",0,0,0,0,NA
"1190",0,0,0,0,NA
"1191",0,0,1,0,3
"1192",0,0,0,0,NA
"1193",0,0,0,0,NA
"1194",0,1,0,0,2
"1195",0,1,0,0,2
"1196",0,0,0,0,NA
"1197",0,0,0,0,NA
"1198",0,0,0,0,NA
"1199",1,0,0,0,1
"1200",1,0,0,0,1
"1201",0,0,0,0,NA
"1202",0,0,0,0,NA
"1203",0,0,0,0,NA
"1204",0,0,0,0,NA
"1205",1,1,0,0,1
"1206",0,1,0,0,2
"1207",0,0,0,0,NA
"1208",0,0,0,0,NA
"1209",0,0,0,0,NA
"1210",1,0,0,0,1
"1211",0,0,1,0,2
"1212",0,0,0,0,NA
"1213",1,0,0,0,1
"1214",0,0,0,0,NA
"1215",0,0,0,0,NA
"1216",1,0,0,0,1
"1217",0,1,0,0,2
"1218",1,1,0,0,2
"1219",0,1,0,0,2
"1220",0,0,0,0,2
"1221",0,0,0,0,NA
"1222",0,0,0,0,NA
"1223",0,0,0,0,NA
"1224",0,0,0,0,NA
"1225",0,0,0,0,NA
"1226",0,0,1,0,3
"1227",0,0,0,0,NA
"1228",0,0,1,0,3
"1229",0,0,0,0,NA
"1230",0,0,0,0,NA
"1231",1,0,0,0,1
"1232",0,0,0,0,NA
"1233",0,1,1,0,3
"1234",0,0,0,0,NA
"1235",0,1,0,0,NA
"1236",0,1,0,0,1
"1237",0,0,0,0,NA
"1238",1,0,0,0,1
"1239",0,0,0,0,NA
"1240",0,0,0,0,NA
"1241",0,0,0,0,NA
"1242",0,0,0,0,NA
"1243",0,0,0,0,NA
"1244",0,0,0,0,NA
"1245",0,0,0,0,NA
"1246",0,0,0,0,NA
"1247",0,0,0,0,NA
"1248",0,1,0,0,NA
"1249",0,0,0,0,NA
"1250",0,0,0,0,NA
"1251",0,0,1,0,3
"1252",0,0,0,0,NA
"1253",0,1,0,0,2
"1254",0,0,0,0,NA
"1255",0,0,0,0,NA
"1256",0,0,0,0,NA
"1257",0,0,0,0,NA
"1258",0,0,0,0,NA
"1259",0,0,0,0,NA
"1260",0,0,0,0,NA
"1261",0,0,0,0,NA
"1262",1,1,1,0,1
"1263",0,1,0,0,2
"1264",0,0,0,0,NA
"1265",0,1,0,0,2
"1266",0,1,0,0,2
"1267",0,1,0,0,1
"1268",1,0,0,0,1
"1269",0,0,0,0,NA
"1270",0,0,0,0,NA
"1271",0,0,0,0,NA
"1272",0,0,0,0,NA
"1273",0,0,1,0,3
"1274",0,0,0,0,NA
"1275",0,0,0,0,NA
"1276",0,0,0,0,NA
"1277",1,0,0,0,1
"1278",0,1,0,0,2
"1279",0,1,0,0,2
"1280",0,1,0,0,2
"1281",0,1,0,0,2
"1282",0,0,0,0,NA
"1283",0,0,0,0,NA
"1284",0,0,0,0,NA
"1285",0,0,0,0,2
"1286",0,0,0,0,NA
"1287",0,1,0,0,2
"1288",0,0,0,0,NA
"1289",0,0,0,0,NA
"1290",0,0,0,0,NA
"1291",0,0,0,0,NA
"1292",0,0,0,0,NA
"1293",1,0,0,0,1
"1294",0,0,0,0,NA
"1295",1,0,1,0,1
"1296",0,1,0,0,1
"1297",0,1,0,0,2
"1298",0,0,0,0,NA
"1299",0,1,0,0,2
"1300",0,0,0,0,NA
"1301",0,0,0,0,NA
"1302",1,0,0,0,1
"1303",0,1,1,0,2
"1304",0,0,0,0,NA
"1305",0,0,0,0,NA
"1306",1,0,0,0,1
"1307",0,0,0,0,NA
"1308",1,1,0,0,2
"1309",0,0,0,0,NA
"1310",0,0,0,0,NA
"1311",0,0,0,0,NA
"1312",0,1,0,0,2
"1313",0,1,0,0,2
"1314",0,0,0,0,NA
"1315",1,1,0,0,1
"1316",0,0,0,0,NA
"1317",0,0,0,0,NA
"1318",0,0,0,0,NA
"1319",0,0,0,0,NA
"1320",0,0,0,0,NA
"1321",0,0,0,0,NA
"1322",0,1,1,0,2
"1323",0,1,0,0,2
"1324",0,0,0,0,NA
"1325",0,0,0,0,NA
"1326",0,1,0,0,2
"1327",1,0,0,0,1
"1328",0,0,0,0,NA
"1329",0,1,1,0,3
"1330",0,0,1,0,3
"1331",0,0,0,0,NA
"1332",1,1,0,0,2
"1333",0,0,0,0,NA
"1334",0,0,0,0,NA
"1335",0,0,0,0,NA
"1336",0,0,0,0,NA
"1337",0,0,0,0,NA
"1338",0,1,0,0,2
"1339",0,0,0,0,NA
"1340",0,1,0,0,2
"1341",0,0,0,0,NA
"1342",0,1,0,0,1
"1343",0,0,0,0,NA
"1344",0,0,0,0,NA
"1345",0,1,1,0,2
"1346",0,1,0,0,3
"1347",0,0,0,0,NA
"1348",0,0,0,0,NA
"1349",1,1,0,0,1
"1350",0,0,0,0,NA
"1351",1,0,0,0,1
"1352",0,0,0,0,NA
"1353",0,0,0,0,NA
"1354",0,0,0,0,NA
"1355",1,0,0,0,1
"1356",0,0,0,0,NA
"1357",1,0,0,0,1
"1358",0,0,0,0,NA
"1359",0,0,0,0,NA
"1360",0,1,0,0,2
"1361",0,1,0,0,2
"1362",0,0,0,0,NA
"1363",1,0,0,0,1
"1364",0,1,0,0,2
"1365",0,1,0,0,2
"1366",1,1,0,0,1
"1367",0,0,0,0,NA
"1368",0,0,0,0,NA
"1369",0,0,0,0,NA
"1370",0,0,0,0,NA
"1371",0,0,0,0,NA
"1372",0,0,1,0,3
"1373",0,1,0,0,2
"1374",1,1,0,0,1
"1375",0,0,0,0,NA
"1376",0,1,0,0,2
"1377",0,0,0,0,NA
"1378",0,1,0,0,2
"1379",0,1,0,0,2
"1380",0,0,0,0,NA
"1381",0,0,0,0,NA
"1382",0,0,0,0,NA
"1383",0,0,0,0,NA
"1384",0,0,0,0,NA
"1385",0,0,0,0,NA
"1386",0,0,0,0,NA
"1387",0,1,0,0,2
"1388",0,0,0,0,NA
"1389",1,0,0,0,1
"1390",0,1,0,0,2
"1391",0,1,0,0,2
"1392",0,0,0,0,NA
"1393",0,1,0,0,2
"1394",0,0,0,0,NA
"1395",0,0,0,0,NA
"1396",0,0,1,0,2
"1397",0,0,0,0,NA
"1398",0,0,0,0,NA
"1399",0,0,0,0,NA
"1400",1,0,0,0,1
"1401",0,0,0,0,NA
"1402",0,1,1,0,2
"1403",0,0,0,0,NA
"1404",0,0,0,0,NA
"1405",0,0,0,0,NA
"1406",0,1,0,0,2
"1407",1,0,0,0,1
"1408",0,0,0,0,NA
"1409",0,1,0,0,NA
"1410",0,0,0,0,NA
"1411",0,0,0,0,NA
"1412",0,1,0,0,2
"1413",0,0,0,0,NA
"1414",0,0,0,0,NA
"1415",1,0,0,0,1
"1416",0,0,0,0,NA
"1417",0,0,1,0,3
"1418",0,0,1,0,3
"1419",0,0,0,0,NA
"1420",0,0,1,0,3
"1421",0,1,1,0,3
"1422",0,0,1,0,3
"1423",0,1,0,0,NA
"1424",0,0,0,0,NA
"1425",0,1,1,0,3
"1426",1,0,0,0,1
"1427",0,1,1,0,2
"1428",0,0,0,0,NA
"1429",0,0,0,0,NA
"1430",0,0,0,0,NA
"1431",0,0,0,0,NA
"1432",0,1,0,0,2
"1433",0,0,0,0,NA
"1434",0,0,0,0,NA
"1435",0,1,1,0,2
"1436",0,0,0,0,NA
"1437",1,0,1,0,1
"1438",0,0,1,0,NA
"1439",0,1,0,0,2
"1440",0,1,0,0,2
"1441",0,1,0,0,2
"1442",1,0,0,0,1
"1443",0,1,0,0,2
"1444",0,0,0,0,NA
"1445",1,0,0,0,1
"1446",0,1,0,0,2
"1447",0,0,0,0,NA
"1448",0,1,0,0,1
"1449",0,1,0,0,2
"1450",1,0,0,0,1
"1451",0,0,0,0,NA
"1452",1,0,1,0,1
"1453",0,0,0,0,NA
"1454",0,0,0,0,NA
"1455",0,0,0,0,3
"1456",0,1,0,0,2
"1457",0,1,1,0,2
"1458",0,0,0,0,NA
"1459",0,0,0,0,NA
"1460",0,1,1,0,2
"1461",0,0,0,0,NA
"1462",0,0,0,0,NA
"1463",0,1,0,0,NA
"1464",0,0,0,0,NA
"1465",0,1,0,0,2
"1466",0,1,0,0,2
"1467",0,0,0,0,NA
"1468",0,0,0,0,NA
"1469",0,1,1,0,2
"1470",0,0,0,0,NA
"1471",0,1,1,0,2
"1472",1,0,0,0,1
"1473",0,0,0,0,NA
"1474",0,0,0,0,NA
"1475",0,1,0,0,2
"1476",0,0,0,0,NA
"1477",1,0,0,0,1
"1478",0,0,0,0,NA
"1479",1,1,0,0,1
"1480",0,0,0,0,NA
"1481",0,0,0,0,NA
"1482",0,0,0,0,NA
"1483",0,0,0,0,NA
"1484",0,0,0,0,NA
"1485",0,0,0,0,NA
"1486",1,0,0,0,1
"1487",0,0,0,0,NA
"1488",0,1,0,0,NA
"1489",1,0,1,0,3
"1490",0,0,1,0,3
"1491",1,0,0,0,1
"1492",0,1,0,0,2
"1493",0,0,0,0,NA
"1494",0,0,0,0,NA
"1495",0,0,0,0,NA
"1496",0,0,0,0,NA
"1497",0,0,0,0,NA
"1498",0,0,0,0,NA
"1499",0,0,0,0,NA
"1500",0,0,0,0,NA
"1501",1,0,1,0,1
"1502",1,0,0,0,1
"1503",0,0,0,0,NA
"1504",0,0,0,0,NA
"1505",0,1,0,0,2
"1506",0,0,0,0,NA
"1507",0,0,0,0,NA
"1508",0,1,0,0,2
"1509",0,1,0,0,NA
"1510",0,0,0,0,NA
"1511",1,0,0,0,1
"1512",0,0,0,0,NA
"1513",0,0,0,0,NA
"1514",0,1,0,0,2
"1515",0,0,0,0,NA
"1516",0,0,0,0,NA
"1517",0,1,0,0,2
"1518",0,0,0,0,NA
"1519",0,0,0,0,NA
"1520",0,0,0,0,NA
"1521",0,1,1,0,3
"1522",0,0,0,0,NA
"1523",0,1,0,0,2
"1524",0,0,0,0,NA
"1525",0,1,0,0,2
"1526",0,0,0,0,NA
"1527",0,0,0,0,NA
"1528",0,0,0,0,NA
"1529",0,0,0,0,NA
"1530",0,1,0,0,2
"1531",0,0,0,0,NA
"1532",0,1,0,0,2
"1533",0,1,0,0,2
"1534",0,0,0,0,NA
"1535",0,0,0,0,NA
"1536",0,0,0,0,NA
"1537",0,0,1,0,3
"1538",0,0,1,0,3
"1539",0,0,0,0,NA
"1540",0,0,0,0,NA
"1541",0,0,0,0,NA
"1542",0,1,0,0,NA
"1543",0,0,0,0,NA
"1544",1,0,0,0,2
"1545",0,0,0,0,1
"1546",0,1,0,0,2
"1547",0,0,0,0,NA
"1548",1,1,0,0,1
"1549",0,0,0,0,NA
"1550",0,0,0,0,NA
"1551",0,1,1,0,2
"1552",0,1,0,0,2
"1553",0,0,0,0,NA
"1554",0,1,0,0,4
"1555",0,1,0,0,4
"1556",0,1,1,0,3
"1557",0,0,0,0,NA
"1558",1,1,0,0,1
"1559",0,0,0,0,NA
"1560",0,0,0,0,NA
"1561",1,1,0,0,1
"1562",1,0,0,0,1
"1563",1,0,0,0,1
"1564",0,0,0,0,NA
"1565",0,0,0,0,NA
"1566",0,0,0,0,NA
"1567",0,0,0,0,NA
"1568",0,0,0,0,NA
"1569",0,1,0,0,2
"1570",0,0,1,0,3
"1571",0,1,0,0,2
"1572",1,0,0,0,1
"1573",1,0,0,0,NA
"1574",0,0,0,0,NA
"1575",0,0,0,0,NA
"1576",0,0,0,0,NA
"1577",0,0,0,0,NA
"1578",1,1,0,0,1
"1579",0,0,0,0,NA
"1580",0,1,0,0,2
"1581",0,0,0,0,NA
"1582",0,1,0,0,2
"1583",0,0,0,0,NA
"1584",0,0,0,0,NA
"1585",0,0,0,0,NA
"1586",0,0,0,0,NA
"1587",0,0,0,0,NA
"1588",0,1,0,0,2
"1589",0,0,0,0,NA
"1590",0,0,0,0,NA
"1591",0,1,0,0,2
"1592",0,0,0,0,NA
"1593",0,1,0,0,2
"1594",0,0,0,0,NA
"1595",0,1,0,0,2
"1596",0,1,0,0,2
"1597",0,1,0,0,NA
"1598",0,1,0,0,2
"1599",0,1,0,0,2
"1600",0,0,0,0,NA
"1601",0,1,0,0,2
"1602",0,0,0,0,NA
"1603",0,1,0,0,2
"1604",0,0,0,0,NA
"1605",0,0,0,0,NA
"1606",1,0,0,0,1
"1607",0,1,0,0,2
"1608",0,1,0,0,2
"1609",0,1,0,0,1
"1610",0,0,0,0,NA
"1611",0,1,1,0,2
"1612",0,0,0,0,NA
"1613",0,0,0,1,1
"1614",0,0,1,0,3
"1615",0,0,0,0,NA
"1616",0,0,0,0,NA
"1617",0,0,0,0,NA
"1618",0,0,0,0,NA
"1619",0,0,0,0,NA
"1620",0,0,0,0,NA
"1621",1,0,0,0,1
"1622",0,0,0,0,NA
"1623",0,0,0,0,NA
"1624",0,0,0,0,NA
"1625",0,0,0,0,NA
"1626",0,0,0,0,NA
"1627",0,1,0,0,2
"1628",0,1,0,0,2
"1629",0,0,0,0,NA
"1630",0,0,0,0,NA
"1631",0,0,0,0,NA
"1632",0,0,0,0,NA
"1633",0,1,0,0,2
"1634",0,0,0,0,NA
"1635",0,0,0,0,NA
"1636",0,0,0,0,NA
"1637",0,0,0,0,NA
"1638",0,0,0,0,NA
"1639",0,0,0,0,NA
"1640",0,1,0,0,2
"1641",1,0,0,0,1
"1642",0,0,0,0,NA
"1643",0,0,0,0,NA
"1644",1,0,0,0,1
"1645",0,0,1,0,3
"1646",0,0,0,0,NA
"1647",0,1,0,0,2
"1648",0,0,0,0,NA
"1649",0,0,0,0,NA
"1650",0,0,0,0,NA
"1651",0,0,0,0,NA
"1652",0,0,0,0,NA
"1653",0,1,0,0,2
"1654",0,0,0,0,NA
"1655",0,0,0,0,NA
"1656",0,1,0,0,2
"1657",0,0,0,0,NA
"1658",0,0,0,1,NA
"1659",0,0,0,0,NA
"1660",0,0,0,0,NA
"1661",0,1,0,0,NA
"1662",1,0,0,0,1
"1663",0,0,0,0,NA
"1664",0,0,0,0,NA
"1665",0,0,0,0,NA
"1666",0,0,0,0,2
"1667",0,1,1,0,2
"1668",0,0,0,0,NA
"1669",0,1,0,0,2
"1670",0,0,0,0,NA
"1671",1,0,0,0,1
"1672",0,1,0,0,2
"1673",1,0,0,0,1
"1674",0,0,0,0,NA
"1675",0,0,0,0,NA
"1676",1,0,0,0,1
"1677",0,0,0,0,NA
"1678",0,1,1,0,2
"1679",0,0,0,0,NA
"1680",0,0,0,0,NA
"1681",0,0,0,0,NA
"1682",0,1,0,0,2
"1683",0,1,1,0,2
"1684",0,0,0,0,NA
"1685",0,1,0,0,2
"1686",0,0,0,0,NA
"1687",0,0,0,0,NA
"1688",0,0,0,0,NA
"1689",0,0,0,0,NA
"1690",0,0,0,0,NA
"1691",1,0,0,0,1
"1692",0,0,0,0,NA
"1693",0,0,0,0,NA
"1694",0,1,0,0,2
"1695",0,0,0,0,NA
"1696",0,0,0,0,NA
"1697",0,0,0,0,NA
"1698",0,0,0,0,NA
"1699",0,0,0,0,NA
"1700",0,0,0,0,NA
"1701",0,0,0,0,NA
"1702",0,0,0,0,NA
"1703",0,0,0,0,NA
"1704",1,0,0,0,1
"1705",0,0,0,0,NA
"1706",0,0,0,0,NA
"1707",0,0,0,0,NA
"1708",0,0,0,0,NA
"1709",0,0,0,0,NA
"1710",0,1,0,0,2
"1711",0,0,0,0,NA
"1712",0,0,1,0,3
"1713",0,0,0,0,NA
"1714",0,1,0,0,2
"1715",0,0,0,0,NA
"1716",0,0,0,0,NA
"1717",0,0,0,0,NA
"1718",0,1,0,0,2
"1719",0,0,0,0,NA
"1720",1,1,0,0,4
"1721",0,0,0,0,NA
"1722",0,0,0,0,NA
"1723",0,0,0,0,NA
"1724",0,0,0,0,NA
"1725",0,1,1,0,NA
"1726",0,0,0,1,NA
"1727",0,0,0,0,NA
"1728",0,0,0,0,NA
"1729",0,0,0,0,NA
"1730",0,0,0,0,NA
"1731",0,0,0,0,NA
"1732",0,0,0,0,NA
"1733",0,0,0,0,NA
"1734",0,0,0,0,NA
"1735",0,0,0,0,NA
"1736",0,1,0,0,2
"1737",0,1,0,0,2
"1738",0,1,0,0,2
"1739",0,0,0,0,NA
"1740",0,0,0,0,NA
"1741",0,0,0,0,NA
"1742",0,0,0,0,NA
"1743",0,0,0,0,NA
"1744",0,0,0,0,NA
"1745",0,1,0,0,2
"1746",0,0,0,0,NA
"1747",0,0,0,0,NA
"1748",0,0,0,0,NA
"1749",0,0,0,0,NA
"1750",1,0,0,0,1
"1751",0,0,0,0,NA
"1752",0,0,0,0,NA
"1753",0,0,0,0,NA
"1754",0,1,0,0,2
"1755",0,0,0,0,NA
"1756",0,1,0,0,2
"1757",0,1,0,0,2
"1758",0,0,0,0,NA
"1759",0,0,0,1,NA
"1760",0,0,0,0,NA
"1761",0,0,0,0,NA
"1762",1,0,0,0,1
"1763",0,0,0,0,NA
"1764",0,0,0,0,NA
"1765",0,0,0,0,NA
"1766",0,0,0,0,NA
"1767",0,1,0,0,2
"1768",0,1,1,0,2
"1769",0,0,0,0,NA
"1770",0,1,0,0,2
"1771",0,0,0,0,NA
"1772",0,0,0,0,NA
"1773",0,1,0,0,2
"1774",0,0,0,0,NA
"1775",0,1,1,0,2
"1776",1,0,0,0,1
"1777",0,0,0,0,NA
"1778",0,0,0,0,NA
"1779",0,0,0,0,NA
"1780",1,0,0,0,1
"1781",0,0,0,0,NA
"1782",0,0,0,0,NA
"1783",0,1,0,0,2
"1784",0,0,0,0,NA
"1785",0,1,0,0,2
"1786",0,1,1,0,3
"1787",0,1,0,0,2
"1788",1,0,0,0,1
"1789",1,0,0,0,1
"1790",0,0,0,0,NA
"1791",0,0,0,0,NA
"1792",1,0,0,0,1
"1793",0,1,0,0,2
"1794",1,0,1,0,1
"1795",0,0,0,0,NA
"1796",1,0,0,0,1
"1797",0,0,0,0,NA
"1798",0,0,0,0,NA
"1799",0,1,0,0,4
"1800",0,0,0,0,NA
"1801",0,0,0,0,NA
"1802",1,0,0,1,1
"1803",0,1,0,0,2
"1804",0,0,0,0,NA
"1805",0,0,0,0,NA
"1806",0,0,0,0,NA
"1807",0,0,0,0,NA
"1808",0,0,0,0,NA
"1809",0,0,0,0,NA
"1810",0,0,0,0,NA
"1811",0,1,0,0,2
"1812",0,0,0,0,NA
"1813",0,0,0,0,NA
"1814",0,1,0,0,2
"1815",0,0,0,0,NA
"1816",0,0,0,0,NA
"1817",0,1,1,0,3
"1818",0,1,0,0,2
"1819",0,0,0,0,NA
"1820",0,0,0,0,NA
"1821",0,0,0,0,NA
"1822",0,0,0,0,NA
"1823",0,1,0,0,2
"1824",1,1,0,0,1
"1825",0,1,0,0,2
"1826",1,0,0,0,1
"1827",0,0,0,0,NA
"1828",0,0,0,0,NA
"1829",0,0,0,0,NA
"1830",0,0,0,0,NA
"1831",0,0,0,0,NA
"1832",0,0,0,0,NA
"1833",0,1,0,0,2
"1834",0,0,0,0,NA
"1835",0,0,0,0,NA
"1836",1,0,1,0,1
"1837",0,0,0,0,NA
"1838",0,0,0,0,NA
"1839",0,0,0,0,NA
"1840",0,0,0,0,NA
"1841",0,0,0,0,NA
"1842",0,1,0,0,1
"1843",0,0,0,0,NA
"1844",0,0,0,0,NA
"1845",0,1,0,0,NA
"1846",0,0,0,0,NA
"1847",0,1,0,0,2
"1848",0,0,0,0,NA
"1849",0,0,0,0,2
"1850",0,0,0,0,NA
"1851",0,1,0,0,2
"1852",1,0,1,0,1
"1853",0,0,0,0,NA
"1854",0,1,1,0,2
"1855",1,0,0,0,1
"1856",0,0,0,0,NA
"1857",0,0,0,0,NA
"1858",0,0,0,0,NA
"1859",0,0,1,0,3
"1860",0,1,0,0,2
"1861",0,1,1,0,3
"1862",1,1,1,0,1
"1863",0,1,0,0,2
"1864",0,1,0,0,NA
"1865",0,0,0,0,NA
"1866",1,0,0,0,1
"1867",0,1,0,0,2
"1868",0,1,0,0,3
"1869",0,1,0,0,2
"1870",0,0,0,0,NA
"1871",0,0,0,0,NA
"1872",0,0,0,0,NA
"1873",0,0,0,0,NA
"1874",0,1,0,0,2
"1875",0,1,0,0,2
"1876",0,0,0,0,NA
"1877",0,1,0,0,2
"1878",0,1,0,0,2
"1879",0,1,0,0,4
"1880",0,0,0,0,NA
"1881",0,0,0,0,NA
"1882",0,0,0,0,NA
"1883",0,0,0,0,NA
"1884",0,0,0,0,4
"1885",0,0,0,0,NA
"1886",0,0,0,0,NA
"1887",0,1,0,0,2
"1888",0,0,0,0,2
"1889",0,1,0,0,2
"1890",0,0,0,0,NA
"1891",0,0,0,0,NA
"1892",0,0,0,0,NA
"1893",1,1,0,0,1
"1894",1,0,0,0,1
"1895",0,1,0,0,2
"1896",0,0,0,0,NA
"1897",1,0,0,0,1
"1898",0,0,1,0,3
"1899",0,0,0,0,NA
"1900",0,1,0,0,2
"1901",0,0,0,0,NA
"1902",0,1,1,0,3
"1903",0,0,0,0,NA
"1904",0,0,0,0,NA
"1905",0,1,0,0,2
"1906",0,0,0,0,NA
"1907",0,0,0,0,NA
"1908",0,1,0,0,2
"1909",0,0,0,0,NA
"1910",0,0,0,0,NA
"1911",0,0,0,0,NA
"1912",1,0,0,0,1
"1913",1,1,0,0,2
"1914",0,1,1,0,3
"1915",0,0,0,0,NA
"1916",0,0,0,0,NA
"1917",0,0,0,0,NA
"1918",0,0,0,0,NA
"1919",0,0,0,0,NA
"1920",0,0,0,0,NA
"1921",0,0,0,0,NA
"1922",1,1,0,0,1
"1923",0,0,0,0,NA
"1924",0,1,0,0,2
"1925",0,0,0,0,NA
"1926",0,0,0,0,NA
"1927",0,1,0,0,2
"1928",0,0,0,0,NA
"1929",0,0,0,0,NA
"1930",0,0,0,0,NA
"1931",0,1,1,0,3
"1932",0,0,1,0,3
"1933",0,0,0,0,NA
"1934",1,0,0,0,1
"1935",0,0,1,0,3
"1936",0,1,0,0,2
"1937",0,0,0,0,NA
"1938",0,1,0,0,2
"1939",0,1,0,0,2
"1940",0,0,0,0,NA
"1941",1,1,1,1,3
"1942",0,1,0,0,2
"1943",0,1,0,0,2
"1944",0,0,0,0,NA
"1945",0,0,0,0,NA
"1946",0,0,0,0,NA
"1947",0,0,0,0,NA
"1948",0,0,0,0,NA
"1949",1,1,1,0,1
"1950",0,0,0,0,NA
"1951",0,0,0,0,NA
"1952",0,1,0,0,2
"1953",0,0,0,0,NA
"1954",0,0,0,0,NA
"1955",0,0,0,0,NA
"1956",0,1,0,0,2
"1957",0,0,0,0,NA
"1958",0,0,0,0,NA
"1959",0,1,1,0,2
"1960",0,0,0,0,NA
"1961",0,1,0,0,2
"1962",0,1,0,0,NA
"1963",1,0,0,0,1
"1964",0,0,0,0,NA
"1965",1,0,0,1,1
"1966",0,1,0,0,2
"1967",0,1,0,0,2
"1968",0,0,0,0,NA
"1969",0,0,0,0,NA
"1970",0,0,0,0,NA
"1971",0,1,0,0,2
"1972",0,1,0,0,2
"1973",1,0,0,0,1
"1974",0,1,0,0,NA
"1975",0,0,0,0,NA
"1976",0,0,0,0,NA
"1977",0,0,0,0,NA
"1978",0,0,0,0,NA
"1979",0,1,1,0,2
"1980",0,0,0,0,NA
"1981",1,0,0,0,1
"1982",0,0,0,0,NA
"1983",0,0,0,0,NA
"1984",0,0,0,0,NA
"1985",0,0,0,0,NA
"1986",0,1,0,0,2
"1987",0,1,0,0,NA
"1988",0,0,0,0,NA
"1989",0,0,0,0,NA
"1990",0,1,0,0,2
"1991",0,1,0,0,2
"1992",1,0,0,0,1
"1993",1,0,0,0,1
"1994",0,1,0,0,NA
"1995",0,0,0,0,NA
"1996",0,1,0,0,2
"1997",0,0,0,0,NA
"1998",0,0,0,0,NA
"1999",1,0,0,0,1
"2000",0,0,0,0,NA
"2001",0,0,0,0,NA
"2002",0,0,0,0,NA
"2003",0,1,0,0,2
"2004",0,0,0,0,NA
"2005",0,0,0,0,NA
"2006",0,1,0,0,NA
"2007",0,1,0,0,2
"2008",0,0,0,0,NA
"2009",0,0,0,0,NA
"2010",0,0,0,0,NA
"2011",0,0,0,0,NA
"2012",0,1,0,0,2
"2013",0,0,0,0,NA
"2014",0,0,0,0,NA
"2015",0,1,1,0,2
"2016",0,1,0,0,2
"2017",0,0,0,1,4
"2018",1,0,0,0,1
"2019",0,1,0,0,3
"2020",0,1,0,0,2
"2021",0,0,0,0,NA
"2022",0,1,0,0,2
"2023",0,0,0,0,NA
"2024",0,1,0,0,2
"2025",0,0,0,0,NA
"2026",0,1,0,0,2
"2027",0,0,0,0,NA
"2028",0,0,0,0,NA
"2029",0,1,0,0,2
"2030",0,0,0,0,NA
"2031",0,0,0,0,NA
"2032",0,0,0,0,NA
"2033",0,1,0,0,2
"2034",0,1,0,0,NA
"2035",0,0,0,0,NA
"2036",0,0,0,0,NA
"2037",1,1,0,0,1
"2038",0,0,0,0,NA
"2039",0,0,0,0,NA
"2040",0,0,0,0,NA
"2041",0,0,0,0,NA
"2042",0,0,0,0,NA
"2043",0,1,0,0,2
"2044",0,0,0,0,NA
"2045",0,1,0,0,NA
"2046",1,0,0,0,1
"2047",0,0,0,0,NA
"2048",0,0,0,0,NA
"2049",0,0,0,0,NA
"2050",0,0,0,0,NA
"2051",0,0,0,0,NA
"2052",0,0,0,0,NA
"2053",0,0,0,0,NA
"2054",0,1,0,0,2
"2055",0,1,0,0,2
"2056",1,0,0,0,1
"2057",0,0,0,0,NA
"2058",0,0,0,0,NA
"2059",0,0,0,0,NA
"2060",0,0,0,0,NA
"2061",0,0,0,0,NA
"2062",1,0,0,0,1
"2063",0,0,0,0,NA
"2064",0,0,1,0,1
"2065",0,0,0,0,NA
"2066",0,0,0,0,NA
"2067",0,0,0,0,NA
"2068",0,1,0,0,2
"2069",0,0,0,0,NA
"2070",0,0,1,0,3
"2071",0,0,0,0,NA
"2072",0,1,0,0,2
"2073",0,0,0,0,NA
"2074",1,0,1,0,1
"2075",0,0,0,0,NA
"2076",1,1,0,0,1
"2077",0,0,0,0,NA
"2078",0,0,0,0,2
"2079",0,1,0,0,2
"2080",0,0,0,0,NA
"2081",0,1,0,0,2
"2082",0,0,0,0,NA
"2083",0,1,0,0,2
"2084",0,0,1,0,3
"2085",0,0,0,0,NA
"2086",0,1,0,0,3
"2087",0,0,0,0,NA
"2088",1,0,0,0,1
"2089",0,0,0,0,NA
"2090",1,0,0,0,1
"2091",0,0,0,0,NA
"2092",0,0,0,0,NA
"2093",0,1,0,0,2
"2094",0,0,0,0,NA
"2095",1,0,0,0,1
"2096",0,0,0,0,NA
"2097",1,0,0,0,1
"2098",1,1,0,0,1
"2099",0,0,0,0,NA
"2100",0,0,0,0,NA
"2101",0,0,0,0,NA
"2102",0,0,0,0,NA
"2103",0,0,0,0,NA
"2104",0,0,0,0,NA
"2105",0,1,0,0,2
"2106",1,0,0,0,1
"2107",0,0,0,0,NA
"2108",0,0,1,0,1
"2109",0,1,0,0,2
"2110",0,0,0,0,NA
"2111",0,0,0,0,NA
"2112",0,0,0,0,3
"2113",0,0,0,0,NA
"2114",0,0,0,0,NA
"2115",0,0,0,0,NA
"2116",0,0,0,0,NA
"2117",1,0,0,0,1
"2118",0,0,0,0,NA
"2119",1,0,0,0,1
"2120",0,0,0,0,NA
"2121",0,0,0,0,NA
"2122",0,0,0,0,NA
"2123",0,0,0,0,NA
"2124",1,0,0,0,1
"2125",0,1,0,0,2
"2126",0,0,0,0,NA
"2127",0,1,0,0,2
"2128",0,0,0,0,NA
"2129",0,0,0,0,NA
"2130",0,0,0,0,NA
"2131",0,1,0,0,2
"2132",0,0,0,0,NA
"2133",0,1,0,0,2
"2134",0,0,0,0,NA
"2135",0,0,0,0,NA
"2136",1,1,0,0,2
"2137",0,0,0,0,NA
"2138",0,0,0,0,NA
"2139",0,0,0,0,NA
"2140",0,0,0,0,NA
"2141",0,0,0,0,NA
"2142",1,1,1,0,1
"2143",0,0,0,0,NA
"2144",0,0,0,0,NA
"2145",0,0,0,0,NA
"2146",0,1,0,0,2
"2147",1,0,1,0,1
"2148",0,0,0,0,NA
"2149",0,1,0,0,2
"2150",0,0,0,0,NA
"2151",0,1,0,0,2
"2152",0,0,0,0,NA
"2153",0,0,0,0,NA
"2154",0,1,0,0,2
"2155",0,0,0,0,NA
"2156",0,1,0,0,2
"2157",0,0,0,0,NA
"2158",1,0,0,0,1
"2159",0,0,0,0,NA
"2160",1,1,0,0,2
"2161",0,0,0,0,NA
"2162",0,0,0,0,NA
"2163",0,1,0,0,2
"2164",0,0,0,0,NA
"2165",0,0,0,0,NA
"2166",0,1,0,0,2
"2167",0,1,0,0,2
"2168",0,1,1,0,2
"2169",0,0,0,0,NA
"2170",0,0,0,0,NA
"2171",1,0,0,0,1
"2172",0,1,0,0,2
"2173",1,1,0,0,1
"2174",0,0,0,0,NA
"2175",0,1,0,0,2
"2176",0,0,1,0,3
"2177",0,0,0,0,NA
"2178",0,1,0,0,2
"2179",1,0,0,0,1
"2180",0,1,0,0,2
"2181",0,0,0,0,NA
"2182",0,0,0,0,NA
"2183",0,0,0,0,NA
"2184",0,0,0,0,NA
"2185",0,0,0,0,NA
"2186",0,0,0,0,NA
"2187",0,1,0,0,2
"2188",0,0,0,0,NA
"2189",0,0,0,0,NA
"2190",0,1,0,0,2
"2191",0,0,0,0,NA
"2192",0,0,1,0,2
"2193",0,0,1,0,3
"2194",0,0,0,0,NA
"2195",0,0,0,0,NA
"2196",0,0,0,0,NA
"2197",0,0,0,0,NA
"2198",0,0,0,0,NA
"2199",0,1,0,0,2
"2200",0,0,0,0,NA
"2201",1,0,0,0,1
"2202",0,1,0,0,2
"2203",0,1,0,0,2
"2204",0,0,0,0,NA
"2205",0,1,0,0,2
"2206",0,1,0,0,2
"2207",0,1,1,0,2
"2208",0,1,0,0,2
"2209",0,1,0,0,2
"2210",0,1,0,0,NA
"2211",0,1,0,0,2
"2212",0,0,0,0,NA
"2213",0,0,0,0,NA
"2214",0,0,0,0,NA
"2215",0,0,0,0,NA
"2216",0,0,0,0,NA
"2217",0,0,0,0,NA
"2218",0,1,0,0,NA
"2219",0,0,0,0,NA
"2220",0,0,0,0,NA
"2221",0,0,0,0,NA
"2222",0,0,0,0,NA
"2223",0,1,0,0,2
"2224",0,0,0,0,NA
"2225",0,1,0,0,4
"2226",0,0,0,0,NA
"2227",0,0,0,0,NA
"2228",0,1,0,0,2
"2229",0,1,0,0,2
"2230",1,1,0,1,1
"2231",0,0,0,0,NA
"2232",0,0,1,0,1
"2233",0,0,1,0,3
"2234",0,0,0,0,NA
"2235",0,0,0,0,NA
"2236",0,1,0,0,2
"2237",1,0,0,0,1
"2238",0,0,0,0,NA
"2239",0,0,0,0,NA
"2240",0,0,0,0,NA
"2241",0,0,0,0,NA
"2242",1,0,0,0,2
"2243",0,1,1,0,2
"2244",0,1,0,0,NA
"2245",0,0,0,0,NA
"2246",0,0,0,0,NA
"2247",0,1,0,0,2
"2248",0,0,0,0,NA
"2249",0,0,0,0,NA
"2250",0,0,0,0,NA
"2251",0,0,0,0,NA
"2252",0,0,0,0,NA
"2253",0,0,1,0,3
"2254",0,1,1,0,3
"2255",1,0,0,0,1
"2256",0,0,0,0,NA
"2257",0,0,0,0,NA
"2258",0,0,0,0,NA
"2259",0,0,1,0,3
"2260",0,0,0,0,NA
"2261",0,0,0,0,NA
"2262",0,1,1,0,3
"2263",1,0,0,0,4
"2264",0,1,0,0,2
"2265",0,0,1,0,3
"2266",0,0,0,0,NA
"2267",1,1,0,0,1
"2268",0,0,0,0,NA
"2269",1,0,0,0,1
"2270",0,0,0,0,NA
"2271",1,0,0,0,1
"2272",0,0,0,0,NA
"2273",0,0,0,0,NA
"2274",0,1,0,0,2
"2275",0,0,0,0,NA
"2276",0,1,0,0,2
"2277",0,0,0,0,NA
"2278",0,0,1,0,3
"2279",0,0,0,0,NA
"2280",1,0,0,0,1
"2281",0,1,1,0,2
"2282",0,0,0,0,NA
"2283",0,0,0,0,NA
"2284",0,0,0,0,NA
"2285",0,0,0,0,NA
"2286",0,0,0,0,NA
"2287",0,1,0,0,1
"2288",0,0,0,0,NA
"2289",1,0,0,0,1
"2290",1,1,1,0,1
"2291",0,1,0,0,2
"2292",1,1,0,0,1
"2293",0,0,0,0,NA
"2294",1,0,0,0,1
"2295",1,0,0,0,1
"2296",0,0,0,1,4
"2297",1,0,0,0,1
"2298",0,1,0,0,2
"2299",1,1,0,0,1
"2300",0,0,0,0,NA
"2301",0,0,0,0,NA
"2302",0,0,0,0,NA
"2303",0,0,0,0,NA
"2304",0,0,0,0,NA
"2305",1,0,0,0,1
"2306",0,0,0,0,NA
"2307",0,0,0,0,NA
"2308",0,0,0,0,NA
"2309",0,0,0,0,NA
"2310",0,0,0,0,NA
"2311",0,0,0,0,NA
"2312",0,1,0,0,2
"2313",0,0,0,0,NA
"2314",0,0,0,0,NA
"2315",0,0,0,0,NA
"2316",0,1,1,0,2
"2317",0,0,0,0,NA
"2318",0,0,0,0,NA
"2319",1,0,0,0,1
"2320",0,0,0,0,2
"2321",0,1,0,0,2
"2322",0,1,0,0,2
"2323",1,1,0,0,1
"2324",1,1,1,0,1
"2325",0,1,1,0,2
"2326",0,0,0,0,NA
"2327",0,0,0,0,NA
"2328",0,0,0,0,NA
"2329",1,0,0,0,1
"2330",0,0,0,0,NA
"2331",0,0,0,0,NA
"2332",0,0,0,0,NA
"2333",0,0,0,0,NA
"2334",0,0,0,0,NA
"2335",0,0,0,0,NA
"2336",0,0,0,0,NA
"2337",0,1,0,0,1
"2338",0,0,0,0,NA
"2339",1,1,0,0,1
"2340",0,0,0,0,NA
"2341",0,0,0,0,NA
"2342",0,0,0,0,NA
"2343",0,0,0,0,NA
"2344",0,0,0,0,NA
"2345",0,0,0,0,NA
"2346",0,0,0,0,NA
"2347",0,0,0,0,NA
"2348",1,0,0,0,1
"2349",0,0,0,0,NA
"2350",0,0,0,0,NA
"2351",0,1,0,0,2
"2352",0,0,0,0,NA
"2353",0,0,0,0,NA
"2354",0,0,0,0,NA
"2355",0,1,1,0,3
"2356",0,0,0,0,NA
"2357",0,0,0,0,NA
"2358",1,0,0,0,1
"2359",0,0,0,0,NA
"2360",0,1,0,0,2
"2361",0,0,0,0,NA
"2362",0,0,0,0,NA
"2363",0,0,0,0,NA
"2364",0,1,0,0,4
"2365",0,0,0,0,NA
"2366",0,1,0,0,2
"2367",0,0,0,0,NA
"2368",0,1,0,0,2
"2369",0,1,0,0,2
"2370",0,0,0,0,NA
"2371",0,0,0,0,NA
"2372",0,0,0,0,NA
"2373",0,1,0,0,2
"2374",1,1,0,0,1
"2375",0,0,0,0,NA
"2376",0,1,1,0,2
"2377",0,0,0,0,NA
"2378",0,1,0,0,2
"2379",0,0,0,0,NA
"2380",0,0,0,0,NA
"2381",0,0,0,0,NA
"2382",0,1,1,0,2
"2383",0,0,0,0,NA
"2384",0,0,0,0,NA
"2385",0,1,0,0,2
"2386",0,0,0,0,NA
"2387",0,0,0,0,NA
"2388",0,0,0,0,NA
"2389",0,0,0,0,NA
"2390",0,0,1,0,3
"2391",0,1,1,0,2
"2392",0,1,0,0,1
"2393",0,0,0,0,NA
"2394",0,0,0,0,NA
"2395",0,1,0,0,1
"2396",0,0,0,0,NA
"2397",0,0,0,0,NA
"2398",0,0,0,0,NA
"2399",0,0,0,0,NA
"2400",0,1,0,0,2
"2401",0,0,0,0,NA
"2402",1,0,0,0,1
"2403",0,0,0,0,NA
"2404",0,1,0,0,2
"2405",0,0,0,0,NA
"2406",0,0,0,0,NA
"2407",0,0,1,0,3
"2408",0,0,0,0,NA
"2409",0,0,1,0,3
"2410",0,0,0,0,NA
"2411",0,1,0,0,2
"2412",0,0,0,0,NA
"2413",0,1,0,0,1
"2414",0,1,0,0,2
"2415",0,0,0,0,NA
"2416",0,0,0,0,NA
"2417",0,0,0,1,4
"2418",0,1,1,0,NA
"2419",0,0,0,0,NA
"2420",0,1,0,0,2
"2421",0,1,0,0,3
"2422",0,0,0,0,NA
"2423",0,0,0,0,NA
"2424",0,0,0,0,NA
"2425",0,0,0,0,NA
"2426",0,0,0,0,NA
"2427",0,0,0,0,NA
"2428",1,0,0,0,1
"2429",0,0,0,0,NA
"2430",0,1,0,0,2
"2431",0,0,0,0,NA
"2432",0,0,0,0,NA
"2433",0,0,1,0,1
"2434",0,0,0,0,NA
"2435",0,1,0,0,1
"2436",0,0,0,0,NA
"2437",0,1,0,0,2
"2438",0,1,0,0,2
"2439",0,0,0,0,NA
"2440",0,0,0,0,NA
"2441",1,0,0,0,1
"2442",1,0,0,0,1
"2443",0,0,0,0,NA
"2444",0,1,1,0,3
"2445",0,0,0,0,NA
"2446",0,0,0,0,NA
"2447",1,1,0,0,1
"2448",0,1,0,0,2
"2449",0,0,0,0,NA
"2450",0,0,0,0,NA
"2451",0,0,0,0,NA
"2452",1,0,0,0,1
"2453",0,1,0,0,2
"2454",0,0,1,0,3
"2455",0,0,0,0,NA
"2456",0,0,0,0,NA
"2457",0,1,1,0,3
"2458",0,0,0,0,NA
"2459",0,0,0,0,NA
"2460",0,0,0,0,NA
"2461",0,0,1,0,3
"2462",1,1,0,0,1
"2463",0,1,0,0,2
"2464",0,0,0,0,NA
"2465",0,1,1,0,3
"2466",0,0,1,0,3
"2467",0,0,0,0,NA
"2468",0,0,0,0,NA
"2469",0,0,0,0,NA
"2470",0,0,0,0,NA
"2471",0,0,0,0,NA
"2472",0,1,1,0,2
"2473",0,0,0,0,NA
"2474",0,0,0,0,NA
"2475",0,0,0,0,NA
"2476",0,0,0,0,NA
"2477",0,0,0,0,NA
"2478",0,0,0,0,NA
"2479",0,1,0,0,NA
"2480",1,0,0,0,1
"2481",0,0,0,0,NA
"2482",0,0,0,0,NA
"2483",0,1,0,0,2
"2484",0,0,0,0,NA
"2485",0,0,0,0,NA
"2486",0,1,0,0,2
"2487",0,0,0,0,NA
"2488",0,0,0,0,NA
"2489",0,0,1,0,1
"2490",0,0,0,0,NA
"2491",0,0,0,0,NA
"2492",0,1,1,0,NA
"2493",1,1,0,0,1
"2494",0,0,1,0,3
"2495",0,0,0,0,NA
"2496",0,0,0,0,NA
"2497",0,1,0,0,2
"2498",0,0,0,0,NA
"2499",0,0,0,0,NA
"2500",1,1,0,0,1
"2501",1,0,0,0,1
"2502",0,0,0,0,NA
"2503",0,0,0,0,NA
"2504",0,0,0,0,NA
"2505",0,0,0,0,NA
"2506",0,0,0,0,NA
"2507",0,1,0,0,2
"2508",0,0,0,0,NA
"2509",0,0,0,0,NA
"2510",0,0,0,0,NA
"2511",0,0,0,0,NA
"2512",0,0,0,0,NA
"2513",0,1,0,0,2
"2514",0,0,1,0,2
"2515",0,1,0,0,2
"2516",0,0,0,0,NA
"2517",0,0,0,0,NA
"2518",1,0,0,0,1
"2519",0,0,0,0,NA
"2520",0,0,1,0,3
"2521",0,0,0,0,NA
"2522",0,0,0,0,NA
"2523",0,0,0,0,NA
"2524",0,0,0,0,NA
"2525",1,0,0,0,1
"2526",0,1,0,0,2
"2527",0,0,0,0,NA
"2528",0,0,0,0,NA
"2529",0,0,1,0,3
"2530",0,0,0,0,NA
"2531",0,0,0,0,NA
"2532",0,1,0,0,2
"2533",0,0,0,0,NA
"2534",0,0,0,0,NA
"2535",0,0,0,0,NA
"2536",0,1,0,0,2
"2537",0,0,0,0,NA
"2538",0,0,1,0,3
"2539",0,0,0,0,NA
"2540",1,1,0,0,2
"2541",0,1,0,0,2
"2542",0,0,0,0,NA
"2543",1,1,0,0,4
"2544",0,0,0,0,NA
"2545",0,0,0,0,NA
"2546",0,0,0,0,NA
"2547",1,1,0,0,1
"2548",0,0,0,0,NA
"2549",0,0,0,0,NA
"2550",0,1,0,0,2
"2551",0,0,0,0,NA
"2552",0,0,0,0,NA
"2553",0,1,0,0,2
"2554",0,0,0,0,NA
"2555",0,0,0,0,NA
"2556",0,0,0,0,NA
"2557",0,0,0,0,NA
"2558",0,0,0,0,NA
"2559",0,1,0,0,2
"2560",0,0,0,0,NA
"2561",0,0,0,0,NA
"2562",0,0,0,0,NA
"2563",0,0,0,0,NA
"2564",0,0,0,0,NA
"2565",0,0,1,0,3
"2566",0,0,0,0,NA
"2567",0,1,0,0,2
"2568",0,0,0,0,NA
"2569",0,0,0,0,NA
"2570",1,0,0,0,1
"2571",1,0,0,0,1
"2572",0,0,0,0,NA
"2573",0,1,0,0,2
"2574",0,0,0,0,NA
"2575",0,0,0,0,NA
"2576",0,0,0,0,NA
"2577",1,1,0,0,1
"2578",0,0,0,0,NA
"2579",0,0,0,0,NA
"2580",0,0,0,0,NA
"2581",0,1,0,0,2
"2582",0,0,0,0,NA
"2583",0,0,0,0,NA
"2584",0,0,0,0,NA
"2585",0,0,0,0,NA
"2586",0,0,0,0,NA
"2587",0,0,0,0,NA
"2588",0,0,0,0,NA
"2589",1,0,0,0,1
"2590",0,0,0,0,NA
"2591",0,0,0,0,NA
"2592",0,0,1,0,3
"2593",0,1,0,0,2
"2594",0,0,0,0,NA
"2595",0,0,0,0,NA
"2596",0,0,0,0,NA
"2597",0,0,0,0,NA
"2598",0,0,0,0,NA
"2599",0,1,0,0,2
"2600",0,0,0,0,NA
"2601",0,0,0,0,NA
"2602",1,1,0,0,1
"2603",0,0,0,0,NA
"2604",0,0,0,0,NA
"2605",0,0,0,0,NA
"2606",0,0,0,0,NA
"2607",0,0,0,0,NA
"2608",0,0,0,0,NA
"2609",1,0,0,0,1
"2610",0,0,0,0,1
"2611",0,0,0,0,NA
"2612",0,0,0,0,NA
"2613",0,1,0,0,2
"2614",0,1,0,0,2
"2615",1,0,0,0,1
"2616",0,0,0,0,NA
"2617",0,1,0,0,2
"2618",0,0,0,0,NA
"2619",0,1,0,0,2
"2620",0,0,1,0,3
"2621",0,0,0,0,NA
"2622",1,0,0,0,1
"2623",0,0,0,0,NA
"2624",0,0,0,0,NA
"2625",0,0,0,0,NA
"2626",1,1,0,0,1
"2627",1,0,0,0,1
"2628",0,1,0,0,2
"2629",0,0,0,0,NA
"2630",0,0,0,0,NA
"2631",0,0,1,0,3
"2632",1,0,0,0,1
"2633",0,0,0,0,NA
"2634",0,1,0,0,2
"2635",0,0,0,0,NA
"2636",1,0,0,0,1
"2637",1,1,0,0,1
"2638",0,0,0,0,NA
"2639",1,0,0,0,1
"2640",0,1,0,0,2
"2641",0,0,0,0,NA
"2642",0,0,0,0,NA
"2643",0,1,0,0,2
"2644",0,0,0,0,NA
"2645",1,0,0,0,1
"2646",0,1,0,0,2
"2647",0,0,0,0,NA
"2648",0,1,0,0,2
"2649",0,0,0,0,NA
"2650",0,0,0,0,NA
"2651",0,0,0,0,NA
"2652",0,0,0,0,2
"2653",0,0,0,0,NA
"2654",1,0,0,0,1
"2655",0,0,0,0,NA
"2656",0,0,0,0,NA
"2657",0,0,0,0,NA
"2658",0,0,0,0,NA
"2659",0,1,0,0,2
"2660",0,0,0,0,NA
"2661",0,1,0,0,2
"2662",0,0,0,0,NA
"2663",0,0,0,0,NA
"2664",0,0,1,0,1
"2665",0,0,0,0,NA
"2666",0,0,0,0,NA
"2667",0,0,0,0,NA
"2668",0,0,0,1,4
"2669",0,0,0,0,NA
"2670",0,0,0,0,NA
"2671",0,0,0,0,NA
"2672",0,0,0,0,NA
"2673",0,0,0,0,NA
"2674",0,0,1,0,2
"2675",0,0,0,0,NA
"2676",0,0,0,0,NA
"2677",1,0,0,0,1
"2678",0,0,1,0,3
"2679",1,0,0,0,1
"2680",0,0,0,0,NA
"2681",0,0,0,0,NA
"2682",1,0,0,0,1
"2683",0,0,0,0,NA
"2684",0,0,0,0,NA
"2685",1,0,0,0,1
"2686",0,0,0,0,NA
"2687",1,0,0,0,1
"2688",0,1,0,0,2
"2689",0,1,0,0,2
"2690",0,1,0,0,2
"2691",1,0,0,0,1
"2692",0,0,0,0,NA
"2693",0,1,0,0,2
"2694",0,0,0,0,NA
"2695",0,0,0,0,NA
"2696",0,0,0,0,NA
"2697",0,0,0,0,NA
"2698",0,0,1,0,3
"2699",0,0,0,0,NA
"2700",0,1,0,0,2
"2701",0,0,0,0,NA
"2702",0,0,0,0,NA
"2703",0,0,0,0,NA
"2704",1,0,0,0,1
"2705",1,0,0,0,1
"2706",0,0,0,0,NA
"2707",0,1,0,0,2
"2708",0,0,0,0,NA
"2709",0,0,0,0,NA
"2710",0,1,0,0,2
"2711",1,0,0,0,1
"2712",0,0,1,0,3
"2713",0,0,0,0,NA
"2714",0,1,0,0,2
"2715",0,0,1,0,3
"2716",0,0,0,0,NA
"2717",0,0,1,0,3
"2718",0,0,0,0,NA
"2719",1,1,0,0,1
"2720",1,1,1,0,2
"2721",0,0,0,0,NA
"2722",0,0,0,0,NA
"2723",0,1,0,0,2
"2724",0,0,1,0,3
"2725",0,1,0,0,1
"2726",0,1,0,0,2
"2727",0,0,0,0,NA
"2728",0,0,0,0,NA
"2729",0,0,0,0,NA
"2730",0,0,0,0,NA
"2731",0,0,0,0,NA
"2732",1,0,0,0,1
"2733",0,0,0,0,NA
"2734",0,0,0,0,NA
"2735",0,0,1,0,3
"2736",0,1,0,0,2
"2737",1,0,0,0,1
"2738",0,0,0,0,NA
"2739",1,0,0,0,1
"2740",0,1,0,0,2
"2741",0,0,0,0,NA
"2742",0,1,0,0,2
"2743",0,0,0,0,NA
"2744",0,0,0,0,NA
"2745",1,0,1,0,3
"2746",0,0,0,0,NA
"2747",1,0,0,0,1
"2748",0,0,1,0,3
"2749",0,1,0,0,2
"2750",0,1,0,0,2
"2751",0,0,0,0,NA
"2752",0,0,0,0,NA
"2753",0,0,0,0,NA
"2754",0,0,0,0,NA
"2755",1,1,0,0,1
"2756",0,0,0,0,NA
"2757",0,0,0,0,NA
"2758",0,0,0,0,NA
"2759",0,0,0,0,NA
"2760",1,0,0,0,1
"2761",0,0,0,0,NA
"2762",0,0,0,0,NA
"2763",0,0,0,0,NA
"2764",0,0,0,0,NA
"2765",0,1,0,0,NA
"2766",0,0,0,0,NA
"2767",0,0,0,0,NA
"2768",0,0,0,0,NA
"2769",0,0,0,0,NA
"2770",1,0,0,0,1
"2771",1,0,0,0,1
"2772",0,0,0,0,NA
"2773",0,0,0,0,NA
"2774",0,0,0,0,NA
"2775",0,0,1,0,3
"2776",0,0,0,0,NA
"2777",1,0,1,0,1
"2778",0,0,0,0,NA
"2779",0,0,0,0,NA
"2780",0,0,0,0,NA
"2781",0,0,0,0,NA
"2782",0,0,0,0,NA
"2783",0,0,0,0,NA
"2784",0,0,0,0,NA
"2785",1,0,0,0,1
"2786",0,0,0,0,NA
"2787",0,0,0,0,NA
"2788",0,1,0,0,NA
"2789",1,0,0,0,1
"2790",0,1,0,0,2
"2791",0,0,0,0,NA
"2792",1,0,0,0,1
"2793",0,0,0,0,NA
"2794",1,0,0,0,1
"2795",0,0,0,0,NA
"2796",0,1,0,0,2
"2797",0,0,1,0,3
"2798",0,0,0,0,NA
"2799",0,0,0,1,NA
"2800",0,0,0,0,NA
"2801",0,0,0,0,NA
"2802",0,1,0,0,2
"2803",0,1,1,0,2
"2804",0,0,0,0,NA
"2805",0,0,0,0,NA
"2806",0,0,1,0,3
"2807",0,0,0,0,NA
"2808",0,1,0,0,2
"2809",1,0,1,1,4
"2810",0,0,0,0,NA
"2811",0,1,0,0,2
"2812",1,1,0,0,2
"2813",1,0,0,0,1
"2814",0,0,0,0,NA
"2815",0,0,0,0,NA
"2816",0,0,1,0,NA
"2817",1,0,0,0,1
"2818",0,0,1,0,1
"2819",0,0,0,0,NA
"2820",0,1,0,0,NA
"2821",0,0,0,0,NA
"2822",0,0,1,0,3
"2823",0,0,0,0,NA
"2824",0,0,0,0,NA
"2825",0,0,0,0,NA
"2826",0,0,0,0,NA
"2827",1,0,0,0,1
"2828",0,0,0,0,NA
"2829",0,0,0,0,NA
"2830",0,0,0,0,NA
"2831",0,0,0,0,NA
"2832",0,0,0,0,NA
"2833",0,1,0,0,NA
"2834",0,0,0,0,NA
"2835",1,0,0,0,1
"2836",0,0,0,1,NA
"2837",0,0,0,0,NA
"2838",0,0,0,0,NA
"2839",0,1,0,0,2
"2840",1,0,0,0,1
"2841",0,0,0,1,4
"2842",0,1,0,0,2
"2843",0,0,1,0,3
"2844",0,1,0,0,2
"2845",0,1,1,0,2
"2846",0,0,0,0,NA
"2847",0,1,0,0,2
"2848",1,0,1,0,3
"2849",0,0,0,0,NA
"2850",1,1,0,0,1
"2851",0,0,0,0,NA
"2852",0,0,0,0,NA
"2853",0,0,0,0,NA
"2854",0,0,0,0,NA
"2855",1,0,0,0,1
"2856",0,0,0,0,NA
"2857",0,1,0,0,2
"2858",0,0,0,0,NA
"2859",0,0,0,0,NA
"2860",0,0,0,0,NA
"2861",0,0,0,0,NA
"2862",0,0,0,0,NA
"2863",1,0,0,0,1
"2864",0,1,0,0,2
"2865",0,0,0,0,NA
"2866",1,1,0,0,2
"2867",0,1,0,0,NA
"2868",0,0,0,0,NA
"2869",0,1,0,0,2
"2870",0,0,0,0,NA
"2871",0,0,0,0,NA
"2872",1,0,0,0,1
"2873",1,1,0,0,1
"2874",0,0,1,0,NA
"2875",0,1,0,0,2
"2876",0,1,0,1,2
"2877",0,1,0,0,2
"2878",0,1,0,0,2
"2879",0,0,0,0,NA
"2880",0,1,0,0,NA
"2881",0,0,0,0,NA
"2882",0,0,1,0,3
"2883",0,0,0,0,NA
"2884",0,1,1,0,NA
"2885",0,1,0,0,NA
"2886",0,0,0,0,NA
"2887",0,1,1,0,2
"2888",0,0,0,0,NA
"2889",0,0,0,0,NA
"2890",0,1,0,0,2
"2891",0,1,0,0,2
"2892",0,0,0,0,NA
"2893",0,0,0,0,NA
"2894",0,0,0,0,NA
"2895",0,0,0,0,NA
"2896",0,0,0,0,NA
"2897",0,0,0,0,NA
"2898",0,1,0,0,2
"2899",0,1,0,0,NA
"2900",1,0,0,0,3
"2901",0,0,0,0,NA
"2902",0,0,0,0,NA
"2903",0,0,0,0,NA
"2904",0,0,0,0,NA
"2905",0,1,0,0,2
"2906",0,1,0,0,1
"2907",0,0,0,0,NA
"2908",0,0,0,0,NA
"2909",1,0,0,0,1
"2910",0,0,0,0,NA
"2911",0,0,0,0,NA
"2912",1,0,0,0,1
"2913",0,0,0,0,NA
"2914",0,0,0,0,NA
"2915",0,0,0,0,NA
"2916",0,0,0,0,NA
"2917",0,0,0,0,NA
"2918",0,0,0,0,NA
"2919",0,0,0,0,NA
"2920",1,0,0,0,1
"2921",0,0,0,0,NA
"2922",0,0,0,0,NA
"2923",0,0,0,0,NA
"2924",1,0,0,0,1
"2925",0,0,0,0,NA
"2926",0,0,0,0,NA
"2927",0,0,0,0,NA
"2928",0,1,0,0,4
"2929",0,0,0,0,NA
"2930",0,0,0,0,NA
"2931",0,0,0,0,NA
"2932",0,0,0,0,NA
"2933",0,1,0,0,3
"2934",0,0,0,0,NA
"2935",0,0,0,0,NA
"2936",1,0,1,0,1
"2937",0,0,0,0,NA
"2938",0,0,0,0,NA
"2939",0,0,0,0,NA
"2940",0,0,0,0,NA
"2941",0,0,0,0,NA
"2942",0,1,1,0,2
"2943",0,0,0,0,NA
"2944",0,0,0,0,NA
"2945",0,0,0,0,NA
"2946",0,0,0,0,NA
"2947",0,1,0,0,2
"2948",0,1,0,0,2
"2949",0,1,0,0,NA
"2950",0,1,0,0,2
"2951",0,0,0,0,NA
"2952",0,0,0,0,NA
"2953",0,1,0,0,1
"2954",0,1,0,0,2
"2955",1,0,0,0,1
"2956",0,1,0,0,2
"2957",0,0,0,0,NA
"2958",0,0,0,0,NA
"2959",0,0,0,0,NA
"2960",0,0,0,0,NA
"2961",0,0,0,0,NA
"2962",0,0,1,0,3
"2963",0,0,0,0,NA
"2964",0,0,0,0,NA
"2965",0,0,0,0,NA
"2966",0,0,0,0,NA
"2967",0,0,1,0,3
"2968",0,0,0,0,NA
"2969",0,0,0,0,NA
"2970",1,0,0,0,1
"2971",0,0,0,0,NA
"2972",0,0,0,0,NA
"2973",0,0,0,0,NA
"2974",0,0,0,0,NA
"2975",0,0,0,0,NA
"2976",0,1,1,0,2
"2977",0,0,0,0,NA
"2978",0,1,0,0,2
"2979",0,0,0,0,NA
"2980",0,0,0,0,NA
"2981",0,0,1,0,3
"2982",1,0,0,0,1
"2983",1,0,0,0,1
"2984",0,0,0,0,NA
"2985",0,0,0,0,NA
"2986",0,1,1,0,2
"2987",0,0,0,0,NA
"2988",0,1,0,0,1
"2989",0,0,1,0,3
"2990",1,0,0,0,1
"2991",0,0,0,0,NA
"2992",1,1,0,0,1
"2993",0,0,0,0,NA
"2994",0,0,0,0,NA
"2995",0,1,0,0,2
"2996",0,0,0,0,NA
"2997",0,0,0,0,NA
"2998",0,0,0,0,NA
"2999",0,0,0,0,NA
"3000",0,0,0,0,NA
"3001",0,0,0,0,NA
"3002",0,0,0,0,NA
"3003",0,0,0,1,4
"3004",0,0,0,0,NA
"3005",0,1,0,0,2
"3006",0,1,0,0,2
"3007",0,0,0,0,NA
"3008",0,1,0,0,2
"3009",0,0,0,0,NA
"3010",0,0,0,0,NA
"3011",0,0,0,0,NA
"3012",0,1,0,0,2
"3013",0,1,0,0,2
"3014",0,1,0,0,2
"3015",0,1,0,0,NA
"3016",0,0,0,0,NA
"3017",1,0,0,0,1
"3018",0,0,0,0,NA
"3019",0,1,0,0,2
"3020",0,0,0,0,NA
"3021",0,1,0,0,NA
"3022",0,1,0,0,2
"3023",0,0,0,0,NA
"3024",0,0,0,0,1
"3025",0,0,0,0,NA
"3026",0,1,0,0,2
"3027",0,0,0,0,NA
"3028",0,1,1,0,3
"3029",0,0,0,0,NA
"3030",0,0,0,0,NA
"3031",0,1,1,0,3
"3032",0,0,0,0,NA
"3033",0,0,0,0,NA
"3034",0,1,1,0,2
"3035",0,0,0,0,NA
"3036",0,0,1,0,3
"3037",0,1,0,0,2
"3038",0,0,0,0,NA
"3039",0,1,0,0,2
"3040",0,0,0,0,NA
"3041",0,0,0,0,NA
"3042",0,0,0,0,NA
"3043",1,0,0,0,1
"3044",0,0,0,0,NA
"3045",0,0,0,0,NA
"3046",0,1,0,0,2
"3047",0,0,0,0,NA
"3048",0,0,0,0,NA
"3049",0,1,1,0,2
"3050",0,0,0,0,NA
"3051",0,0,0,0,NA
"3052",0,1,0,0,2
"3053",0,0,0,0,NA
"3054",0,0,0,0,NA
"3055",0,0,0,0,NA
"3056",0,0,0,0,NA
"3057",0,0,0,0,NA
"3058",0,0,0,0,NA
"3059",0,1,0,0,2
"3060",0,0,0,0,NA
"3061",0,0,0,0,NA
"3062",0,0,0,0,NA
"3063",0,1,0,0,2
"3064",0,1,0,0,2
"3065",0,0,0,0,NA
"3066",0,0,0,0,NA
"3067",0,0,0,0,NA
"3068",0,0,0,0,NA
"3069",0,0,0,0,NA
"3070",0,0,0,0,NA
"3071",0,0,0,0,NA
"3072",0,1,1,0,3
"3073",0,0,0,0,NA
"3074",0,0,1,0,3
"3075",0,0,0,0,NA
"3076",0,1,0,0,2
"3077",0,0,0,0,NA
"3078",0,0,0,0,NA
"3079",0,0,0,0,NA
"3080",1,0,0,0,NA
"3081",0,0,1,0,3
"3082",0,0,0,0,NA
"3083",0,0,0,0,NA
"3084",0,0,0,0,NA
"3085",0,1,0,0,NA
"3086",0,0,0,0,NA
"3087",0,0,0,0,NA
"3088",0,0,0,0,NA
"3089",0,0,0,0,NA
"3090",0,0,0,0,NA
"3091",0,0,0,0,NA
"3092",0,1,0,0,2
"3093",0,0,0,0,NA
"3094",0,0,0,0,NA
"3095",0,1,0,0,2
"3096",0,0,0,0,NA
"3097",0,0,0,0,NA
"3098",0,1,0,0,2
"3099",0,0,0,0,NA
"3100",0,0,0,0,NA
"3101",0,0,0,0,NA
"3102",0,0,0,0,NA
"3103",0,1,0,0,2
"3104",0,0,0,0,NA
"3105",0,0,0,0,NA
"3106",0,1,0,0,1
"3107",0,0,0,0,NA
"3108",0,1,0,0,2
"3109",0,1,0,0,NA
"3110",0,1,0,0,2
"3111",1,1,0,0,2
"3112",0,1,0,0,3
"3113",0,0,0,0,NA
"3114",0,1,0,0,2
"3115",0,0,1,0,4
"3116",0,0,0,0,NA
"3117",0,0,0,0,NA
"3118",0,0,0,0,NA
"3119",0,0,0,0,NA
"3120",0,0,0,0,NA
"3121",0,0,0,0,NA
"3122",0,0,0,0,NA
"3123",0,1,0,0,2
"3124",1,0,1,1,1
"3125",0,0,0,0,NA
"3126",0,1,1,0,3
"3127",1,1,0,0,1
"3128",0,0,0,0,NA
"3129",0,0,0,0,NA
"3130",1,0,0,0,1
"3131",1,0,0,0,1
"3132",0,0,0,0,NA
"3133",0,1,0,0,2
"3134",0,0,0,0,NA
"3135",0,1,0,0,NA
"3136",0,1,0,0,2
"3137",0,1,0,0,2
"3138",0,0,0,0,NA
"3139",0,1,0,0,2
"3140",0,0,0,0,NA
"3141",1,0,0,0,1
"3142",0,0,0,0,NA
"3143",1,1,0,0,2
"3144",0,0,0,0,NA
"3145",0,0,0,0,NA
"3146",0,0,0,0,NA
"3147",0,1,0,0,2
"3148",0,0,0,0,NA
"3149",0,0,0,0,NA
"3150",0,0,0,0,NA
"3151",0,1,0,0,2
"3152",0,1,0,0,2
"3153",0,0,0,0,NA
"3154",0,0,0,0,NA
"3155",0,1,0,0,2
"3156",0,0,0,0,NA
"3157",0,0,0,0,NA
"3158",1,1,0,0,1
"3159",0,0,0,0,NA
"3160",1,0,0,0,1
"3161",0,0,0,0,NA
"3162",0,0,0,0,NA
"3163",0,0,0,0,NA
"3164",0,0,0,0,NA
"3165",0,0,0,0,NA
"3166",0,1,0,0,2
"3167",0,0,0,0,NA
"3168",0,0,0,0,NA
"3169",0,0,0,0,NA
"3170",0,1,0,0,2
"3171",0,0,0,0,NA
"3172",0,0,0,0,NA
"3173",0,0,0,0,NA
"3174",1,1,1,0,1
"3175",0,0,0,0,NA
"3176",1,0,0,0,1
"3177",1,0,0,0,1
"3178",0,0,0,0,NA
"3179",0,0,0,0,NA
"3180",1,1,0,0,1
"3181",0,1,0,0,2
"3182",0,1,0,0,2
"3183",0,0,0,0,NA
"3184",0,0,0,0,NA
"3185",0,0,0,0,NA
"3186",0,0,0,0,NA
"3187",0,1,0,0,2
"3188",0,0,0,0,NA
"3189",0,0,0,0,NA
"3190",0,1,1,0,NA
"3191",0,0,0,0,NA
"3192",0,1,1,0,3
"3193",0,0,0,0,NA
"3194",1,0,0,0,1
"3195",0,0,0,0,NA
"3196",0,1,0,0,2
"3197",0,0,0,0,NA
"3198",0,0,0,0,NA
"3199",1,0,0,0,1
"3200",0,1,0,0,2
"3201",1,1,0,0,2
"3202",0,0,0,0,NA
"3203",0,0,0,0,NA
"3204",0,0,0,0,NA
"3205",0,0,1,0,3
"3206",0,1,0,0,2
"3207",0,0,0,0,NA
"3208",1,0,0,0,1
"3209",1,1,0,0,1
"3210",0,0,0,0,NA
"3211",0,1,0,0,2
"3212",0,0,0,0,NA
"3213",0,0,1,0,3
"3214",1,1,0,0,2
"3215",0,0,0,0,NA
"3216",0,0,0,0,NA
"3217",0,0,0,0,NA
"3218",0,0,0,0,NA
"3219",0,0,0,0,NA
"3220",0,0,0,0,NA
"3221",0,0,0,0,NA
"3222",0,0,0,0,NA
"3223",0,0,0,0,NA
"3224",1,0,0,0,1
"3225",0,0,0,0,NA
"3226",1,0,0,0,1
"3227",0,0,0,0,NA
"3228",0,0,0,0,NA
"3229",0,0,0,0,NA
"3230",0,0,0,0,NA
"3231",0,0,0,0,NA
"3232",1,0,0,0,1
"3233",0,0,0,0,NA
"3234",0,0,0,0,NA
"3235",0,1,0,0,2
"3236",1,1,0,0,1
"3237",0,0,0,0,NA
"3238",0,0,0,0,NA
"3239",0,0,0,0,NA
"3240",1,1,1,0,1
"3241",0,1,0,0,1
"3242",0,1,0,0,2
"3243",1,0,0,0,1
"3244",0,1,0,0,2
"3245",0,0,0,0,NA
"3246",0,0,0,0,NA
"3247",0,1,0,0,3
"3248",0,0,0,0,NA
"3249",0,0,0,0,NA
"3250",0,1,1,0,2
"3251",0,1,0,0,NA
"3252",0,0,0,0,NA
"3253",0,0,0,0,NA
"3254",0,0,0,0,NA
"3255",0,0,0,0,NA
"3256",0,0,0,0,NA
"3257",0,0,0,0,NA
"3258",0,0,0,1,2
"3259",0,0,0,0,NA
"3260",0,0,0,0,NA
"3261",0,0,0,0,NA
"3262",1,0,0,0,1
"3263",0,0,0,0,NA
"3264",0,0,0,0,NA
"3265",0,1,0,0,2
"3266",0,0,0,0,NA
"3267",1,1,0,0,1
"3268",0,0,0,0,2
"3269",0,1,0,0,2
"3270",0,0,0,0,NA
"3271",0,0,0,0,NA
"3272",0,0,0,0,NA
"3273",0,0,0,0,NA
"3274",0,0,0,0,NA
"3275",0,0,1,0,4
"3276",0,0,0,0,NA
"3277",1,0,0,0,1
"3278",0,0,1,0,1
"3279",0,0,0,0,NA
"3280",0,1,0,0,1
"3281",0,1,0,0,2
"3282",0,0,0,0,NA
"3283",0,0,0,0,NA
"3284",1,0,0,0,1
"3285",0,0,1,0,3
"3286",0,0,0,0,NA
"3287",0,0,0,0,NA
"3288",0,0,0,0,NA
"3289",0,0,0,0,NA
"3290",0,0,0,0,NA
"3291",1,0,0,0,1
"3292",0,0,0,0,NA
"3293",0,0,0,0,NA
"3294",0,0,0,0,NA
"3295",0,0,0,0,NA
"3296",0,0,0,0,NA
"3297",0,0,0,0,NA
"3298",0,0,1,0,3
"3299",0,1,1,0,3
"3300",0,0,0,0,NA
"3301",0,1,0,0,2
"3302",0,0,0,0,NA
"3303",0,0,1,0,3
"3304",0,0,0,0,NA
"3305",0,1,0,0,2
"3306",0,1,0,0,2
"3307",0,1,0,0,NA
"3308",0,0,0,0,NA
"3309",0,0,0,0,NA
"3310",0,0,0,0,NA
"3311",0,1,0,0,2
"3312",0,0,0,0,NA
"3313",0,0,0,1,4
"3314",0,0,0,0,NA
"3315",0,1,0,0,2
"3316",0,1,0,0,2
"3317",1,0,0,0,1
"3318",0,0,0,0,NA
"3319",0,1,0,0,2
"3320",0,0,0,0,NA
"3321",0,0,1,0,NA
"3322",1,1,0,0,1
"3323",0,1,0,0,2
"3324",0,0,0,0,NA
"3325",0,0,0,0,NA
"3326",0,0,1,0,3
"3327",0,0,0,0,NA
"3328",0,0,0,0,NA
"3329",1,0,0,0,1
"3330",0,0,0,0,NA
"3331",1,1,0,0,2
"3332",0,1,0,0,NA
"3333",0,0,0,0,NA
"3334",0,0,0,0,NA
"3335",1,1,0,0,1
"3336",0,0,0,0,NA
"3337",0,1,0,0,2
"3338",0,0,0,0,NA
"3339",0,0,0,0,NA
"3340",0,0,0,0,NA
"3341",0,1,0,0,2
"3342",0,1,0,0,2
"3343",0,0,0,0,NA
"3344",0,0,0,0,NA
"3345",0,1,0,0,2
"3346",0,1,0,0,1
"3347",0,0,0,0,NA
"3348",0,1,0,0,NA
"3349",0,1,1,0,3
"3350",0,0,0,0,NA
"3351",0,0,0,0,NA
"3352",0,0,0,0,NA
"3353",1,0,0,0,1
"3354",0,0,0,0,NA
"3355",0,1,0,0,2
"3356",0,0,0,0,NA
"3357",1,0,0,0,1
"3358",0,1,0,0,2
"3359",0,0,0,0,NA
"3360",0,0,0,0,NA
"3361",0,0,0,0,NA
"3362",0,0,0,0,NA
"3363",0,0,0,0,NA
"3364",0,1,1,0,2
"3365",0,0,0,0,NA
"3366",0,0,0,0,NA
"3367",0,0,0,0,NA
"3368",0,1,0,0,2
"3369",0,0,0,0,NA
"3370",0,0,0,0,NA
"3371",1,0,0,0,1
"3372",0,1,0,0,2
"3373",0,1,0,0,3
"3374",0,0,0,0,NA
"3375",1,1,0,0,1
"3376",0,0,0,0,NA
"3377",1,0,0,0,1
"3378",0,0,0,0,2
"3379",0,0,0,0,NA
"3380",0,1,1,0,2
"3381",0,0,0,0,NA
"3382",0,0,0,0,NA
"3383",1,0,0,0,1
"3384",0,0,0,0,NA
"3385",1,0,0,0,1
"3386",0,0,0,0,NA
"3387",0,1,1,0,3
"3388",0,0,0,0,NA
"3389",0,0,0,0,NA
"3390",0,1,1,0,2
"3391",0,0,0,0,NA
"3392",0,0,0,0,NA
"3393",0,1,0,0,2
"3394",1,1,0,0,1
"3395",0,0,0,0,NA
"3396",1,0,0,0,1
"3397",0,0,0,0,NA
"3398",1,0,0,0,1
"3399",1,0,0,0,1
"3400",0,0,0,0,NA
"3401",0,0,0,0,NA
"3402",0,1,1,0,2
"3403",0,0,0,0,NA
"3404",0,0,0,0,NA
"3405",0,0,0,0,NA
"3406",0,0,0,0,NA
"3407",0,0,0,0,NA
"3408",0,1,0,0,2
"3409",0,0,0,0,NA
"3410",0,0,0,0,NA
"3411",0,0,0,0,NA
"3412",0,0,0,0,NA
"3413",0,1,0,0,2
"3414",0,1,0,0,2
"3415",0,0,0,0,NA
"3416",0,0,0,0,NA
"3417",0,0,0,0,NA
"3418",0,0,0,0,NA
"3419",0,0,0,0,NA
"3420",0,0,0,0,NA
"3421",0,0,0,0,NA
"3422",1,1,0,0,1
"3423",0,1,0,0,2
"3424",0,0,0,0,NA
"3425",0,0,0,0,NA
"3426",0,0,0,0,NA
"3427",0,0,0,0,NA
"3428",0,0,0,0,NA
"3429",0,0,0,0,NA
"3430",0,0,0,0,NA
"3431",0,0,0,0,NA
"3432",0,1,0,0,2
"3433",1,0,0,0,1
"3434",0,0,0,0,NA
"3435",0,1,0,0,2
"3436",0,0,0,0,NA
"3437",1,0,0,0,1
"3438",0,0,0,0,NA
"3439",0,0,1,0,3
"3440",0,1,0,0,2
"3441",0,1,1,0,3
"3442",0,0,0,0,NA
"3443",1,0,0,0,1
"3444",0,0,0,0,NA
"3445",0,1,0,0,2
"3446",0,0,0,0,NA
"3447",0,0,0,0,NA
"3448",0,0,0,0,NA
"3449",0,0,0,0,NA
"3450",0,0,0,0,NA
"3451",0,0,0,0,NA
"3452",0,0,0,0,NA
"3453",0,0,0,0,NA
"3454",1,0,0,0,1
"3455",0,0,1,0,3
"3456",0,0,0,0,NA
"3457",0,0,0,0,NA
"3458",0,0,0,0,NA
"3459",0,1,0,0,2
"3460",1,0,0,0,1
"3461",0,0,0,0,NA
"3462",0,0,0,0,NA
"3463",0,1,0,0,2
"3464",0,0,0,0,NA
"3465",0,0,0,0,NA
"3466",0,1,0,0,2
"3467",0,1,0,0,2
"3468",0,1,0,0,2
"3469",0,0,1,0,3
"3470",0,0,0,0,NA
"3471",0,0,1,0,3
"3472",0,1,1,0,3
"3473",1,0,0,0,1
"3474",0,0,0,0,NA
"3475",0,1,0,0,1
"3476",0,1,0,0,2
"3477",0,1,0,0,2
"3478",0,0,0,0,NA
"3479",0,0,0,0,NA
"3480",1,0,1,0,1
"3481",1,1,0,0,1
"3482",0,0,0,0,NA
"3483",0,0,0,0,NA
"3484",0,1,0,0,2
"3485",0,1,0,0,2
"3486",0,1,0,0,2
"3487",0,1,0,0,2
"3488",0,1,0,0,NA
"3489",1,1,0,0,1
"3490",0,0,0,0,NA
"3491",0,1,0,0,2
"3492",1,0,1,0,1
"3493",0,0,0,0,NA
"3494",1,0,0,0,1
"3495",0,0,0,0,NA
"3496",0,1,0,0,1
"3497",0,1,0,0,2
"3498",0,0,0,0,NA
"3499",0,0,0,0,NA
"3500",0,0,0,0,NA
"3501",0,0,0,0,NA
"3502",1,1,1,0,3
"3503",0,1,0,0,2
"3504",0,0,0,0,NA
"3505",0,1,0,0,2
"3506",0,0,0,0,NA
"3507",0,0,0,0,NA
"3508",0,1,0,0,2
"3509",0,1,0,0,2
"3510",0,0,0,0,NA
"3511",0,0,0,0,NA
"3512",0,0,0,0,NA
"3513",0,0,0,0,NA
"3514",0,0,0,0,NA
"3515",0,0,0,0,NA
"3516",0,0,0,0,NA
"3517",0,0,0,0,NA
"3518",0,0,0,0,NA
"3519",0,1,0,0,2
"3520",0,0,0,0,NA
"3521",0,0,0,0,NA
"3522",0,1,0,0,1
"3523",0,0,0,0,NA
"3524",0,1,0,0,1
"3525",0,0,0,0,NA
"3526",1,0,1,0,1
"3527",1,0,0,0,1
"3528",0,1,0,0,2
"3529",0,0,0,0,NA
"3530",0,0,0,0,NA
"3531",0,0,0,0,NA
"3532",0,0,0,0,NA
"3533",0,0,0,0,NA
"3534",0,0,0,0,NA
"3535",0,0,0,0,NA
"3536",0,0,0,0,NA
"3537",1,0,0,0,1
"3538",0,0,0,0,NA
"3539",0,0,0,0,NA
"3540",0,0,0,0,NA
"3541",0,0,0,0,NA
"3542",0,0,0,0,NA
"3543",0,1,0,0,1
"3544",0,0,0,0,NA
"3545",1,0,0,0,1
"3546",0,1,0,0,2
"3547",0,1,0,0,2
"3548",1,0,0,0,1
"3549",0,0,1,0,3
"3550",0,1,0,0,2
"3551",0,0,0,0,NA
"3552",0,0,0,0,NA
"3553",0,0,0,0,NA
"3554",0,0,0,0,NA
"3555",0,0,0,0,NA
"3556",0,0,0,0,NA
"3557",0,0,0,0,NA
"3558",1,0,0,0,1
"3559",1,0,0,0,1
"3560",0,1,0,0,1
"3561",0,1,0,0,2
"3562",0,1,0,0,2
"3563",0,0,0,1,2
"3564",0,0,0,0,NA
"3565",1,0,0,0,1
"3566",0,0,0,0,NA
"3567",0,0,0,0,NA
"3568",0,0,0,0,NA
"3569",0,0,0,0,NA
"3570",0,0,0,0,NA
"3571",0,0,0,0,NA
"3572",0,0,1,0,3
"3573",0,0,0,0,NA
"3574",0,0,0,0,NA
"3575",0,0,0,0,NA
"3576",0,0,0,0,NA
"3577",1,0,0,0,1
"3578",0,0,1,0,1
"3579",0,1,0,0,NA
"3580",1,0,0,0,1
"3581",0,1,0,0,2
"3582",0,0,1,0,1
"3583",0,0,0,0,NA
"3584",0,0,0,0,NA
"3585",0,1,0,0,2
"3586",1,0,0,0,1
"3587",0,0,0,0,NA
"3588",0,0,0,0,NA
"3589",0,0,0,0,NA
"3590",0,1,0,0,2
"3591",0,0,0,0,NA
"3592",0,0,0,0,NA
"3593",0,0,0,0,NA
"3594",0,0,0,0,NA
"3595",0,0,0,0,NA
"3596",0,0,0,0,NA
"3597",1,0,0,0,1
"3598",0,1,0,0,2
"3599",0,1,1,0,2
"3600",0,0,0,0,NA
"3601",0,0,0,0,NA
"3602",0,0,0,0,NA
"3603",0,1,0,0,2
"3604",0,0,0,0,NA
"3605",0,0,1,0,3
"3606",0,0,0,0,NA
"3607",0,0,1,0,3
"3608",0,0,0,0,NA
"3609",0,0,0,0,NA
"3610",0,1,0,0,2
"3611",0,0,0,0,NA
"3612",0,0,1,0,3
"3613",0,0,0,0,NA
"3614",0,0,0,0,NA
"3615",0,1,1,0,NA
"3616",0,0,0,0,NA
"3617",0,1,0,0,2
"3618",0,0,0,0,NA
"3619",0,1,0,0,2
"3620",0,0,0,0,NA
"3621",0,0,1,0,3
"3622",0,1,0,0,2
"3623",0,0,0,0,NA
"3624",0,0,0,0,NA
"3625",0,0,0,0,NA
"3626",0,1,1,0,2
"3627",0,0,0,0,NA
"3628",0,0,0,0,NA
"3629",0,0,1,0,3
"3630",0,1,0,0,2
"3631",0,0,0,0,NA
"3632",0,0,0,0,NA
"3633",0,1,0,0,2
"3634",0,0,1,0,3
"3635",0,0,0,0,NA
"3636",0,1,1,0,3
"3637",0,0,0,0,NA
"3638",0,1,0,0,2
"3639",0,0,0,0,NA
"3640",0,0,0,0,NA
"3641",0,0,0,0,NA
"3642",0,1,1,0,3
"3643",0,0,0,0,NA
"3644",0,0,0,0,NA
"3645",0,0,0,0,NA
"3646",1,0,0,0,1
"3647",0,0,0,0,NA
"3648",0,0,0,0,NA
"3649",0,0,0,0,NA
"3650",0,1,0,0,2
"3651",1,0,1,0,3
"3652",1,1,1,0,1
"3653",0,0,0,0,NA
"3654",1,1,0,0,1
"3655",0,0,0,0,NA
"3656",0,0,0,0,NA
"3657",0,0,0,0,NA
"3658",1,0,0,0,1
"3659",0,1,0,0,2
"3660",0,0,0,0,NA
"3661",0,0,0,0,NA
"3662",0,0,0,0,NA
"3663",0,0,0,0,NA
"3664",0,1,0,0,2
"3665",0,1,0,0,2
"3666",0,0,0,0,NA
"3667",0,0,0,0,NA
"3668",0,1,1,0,NA
"3669",0,0,0,0,NA
"3670",0,0,0,0,NA
"3671",0,1,0,0,2
"3672",0,0,0,0,NA
"3673",1,0,0,0,1
"3674",0,1,0,0,2
"3675",0,1,0,0,NA
"3676",0,0,0,0,NA
"3677",1,1,0,0,2
"3678",1,0,0,0,1
"3679",0,0,0,0,NA
"3680",0,1,1,0,2
"3681",0,1,0,0,2
"3682",0,1,0,0,2
"3683",0,1,0,0,2
"3684",0,0,0,0,NA
"3685",0,0,0,0,NA
"3686",0,1,0,0,2
"3687",1,0,0,0,1
"3688",0,0,0,0,NA
"3689",0,0,0,0,NA
"3690",0,0,0,0,NA
"3691",0,0,0,0,NA
"3692",0,1,0,0,1
"3693",1,0,0,0,1
"3694",0,0,0,0,NA
"3695",0,1,1,0,2
"3696",0,0,1,0,3
"3697",0,0,0,0,NA
"3698",0,0,0,0,NA
"3699",0,1,0,0,4
"3700",0,1,0,0,1
"3701",1,0,0,0,1
"3702",0,0,0,0,NA
"3703",0,0,1,0,2
"3704",0,0,0,0,NA
"3705",0,0,0,0,NA
"3706",0,0,0,0,NA
"3707",0,0,0,0,NA
"3708",0,1,1,0,2
"3709",0,0,0,0,NA
"3710",0,0,0,0,NA
"3711",0,0,0,0,NA
"3712",0,0,0,0,NA
"3713",0,0,0,0,NA
"3714",0,0,0,0,NA
"3715",0,0,0,0,NA
"3716",0,0,0,0,NA
"3717",0,0,0,0,NA
"3718",0,0,0,0,NA
"3719",0,0,0,0,NA
"3720",0,0,0,0,NA
"3721",0,0,0,0,NA
"3722",0,1,0,0,1
"3723",0,1,0,0,2
"3724",0,1,0,0,NA
"3725",0,0,0,0,NA
"3726",0,0,0,0,NA
"3727",0,0,0,0,NA
"3728",0,1,1,0,2
"3729",0,0,0,0,NA
"3730",0,1,0,0,2
"3731",0,0,0,0,NA
"3732",0,0,0,0,NA
"3733",1,0,0,1,1
"3734",1,0,1,0,1
"3735",0,1,0,0,2
"3736",0,0,0,0,NA
"3737",0,0,0,0,NA
"3738",1,0,0,0,1
"3739",0,0,0,0,NA
"3740",0,0,0,0,NA
"3741",0,0,0,0,NA
"3742",0,0,0,0,NA
"3743",0,1,0,0,2
"3744",0,0,0,0,NA
"3745",0,0,0,0,NA
"3746",0,1,0,0,2
"3747",0,0,0,0,NA
"3748",0,1,0,1,4
"3749",0,0,0,0,NA
"3750",0,0,0,0,NA
"3751",0,0,0,0,NA
"3752",0,1,0,0,2
"3753",0,1,0,0,2
"3754",0,0,0,0,NA
"3755",0,0,0,0,NA
"3756",0,1,0,0,2
"3757",0,0,0,0,NA
"3758",0,1,0,0,2
"3759",0,0,0,0,NA
"3760",0,0,0,0,NA
"3761",0,1,0,0,2
"3762",0,0,0,0,NA
"3763",0,0,0,0,NA
"3764",0,1,0,0,NA
"3765",0,1,0,0,NA
"3766",0,0,0,0,NA
"3767",0,0,0,0,NA
"3768",0,0,0,0,NA
"3769",0,0,0,0,NA
"3770",0,0,0,0,NA
"3771",1,1,0,0,1
"3772",0,1,1,0,1
"3773",0,0,0,0,NA
"3774",0,1,0,0,NA
"3775",0,0,0,0,NA
"3776",0,0,0,0,NA
"3777",0,1,0,0,2
"3778",0,0,0,0,NA
"3779",0,1,0,0,2
"3780",0,1,1,0,1
"3781",0,1,0,0,2
"3782",0,0,0,0,NA
"3783",1,0,0,0,1
"3784",0,0,0,0,NA
"3785",0,1,0,0,2
"3786",0,0,0,0,NA
"3787",1,0,0,0,1
"3788",0,0,0,0,NA
"3789",0,0,0,0,NA
"3790",0,1,0,0,2
"3791",0,0,0,0,NA
"3792",0,0,0,0,NA
"3793",0,0,0,0,NA
"3794",1,0,0,0,1
"3795",0,0,0,0,NA
"3796",0,0,0,0,NA
"3797",0,0,0,0,NA
"3798",0,0,0,0,NA
"3799",0,1,0,0,1
"3800",0,1,0,0,NA
"3801",0,0,0,0,NA
"3802",0,0,0,0,NA
"3803",0,0,0,0,NA
"3804",0,0,0,0,NA
"3805",0,0,0,0,NA
"3806",0,0,0,0,NA
"3807",0,0,0,0,NA
"3808",0,0,0,0,NA
"3809",0,0,0,0,NA
"3810",0,1,0,0,2
"3811",0,0,0,0,NA
"3812",0,0,0,0,NA
"3813",0,0,0,0,NA
"3814",1,0,0,0,1
"3815",0,0,0,0,NA
"3816",0,0,0,0,NA
"3817",0,0,0,0,NA
"3818",0,0,1,0,3
"3819",0,0,0,0,NA
"3820",0,0,0,0,NA
"3821",0,0,0,0,NA
"3822",0,1,0,0,2
"3823",0,0,0,0,NA
"3824",0,0,0,0,NA
"3825",0,0,0,0,NA
"3826",0,1,1,0,2
"3827",0,0,0,0,NA
"3828",1,0,1,0,1
"3829",0,1,0,0,2
"3830",0,0,0,0,NA
"3831",1,0,0,0,1
"3832",0,0,0,0,NA
"3833",0,1,0,0,1
"3834",0,0,0,0,NA
"3835",0,0,0,0,NA
"3836",0,1,0,0,4
"3837",1,0,0,0,1
"3838",0,0,0,0,NA
"3839",1,0,0,0,1
"3840",0,0,1,0,NA
"3841",0,0,0,1,4
"3842",0,0,0,0,NA
"3843",1,0,0,0,1
"3844",0,0,0,0,NA
"3845",0,0,1,0,4
"3846",0,0,0,0,NA
"3847",0,0,0,0,NA
"3848",0,0,0,0,NA
"3849",0,0,0,0,NA
"3850",0,0,0,0,NA
"3851",0,0,0,0,NA
"3852",1,1,0,0,1
"3853",0,1,0,0,2
"3854",0,0,1,0,3
"3855",1,0,0,0,1
"3856",0,0,0,0,NA
"3857",1,0,0,0,1
"3858",0,0,0,0,NA
"3859",1,0,0,0,1
"3860",1,1,0,0,1
"3861",0,0,0,0,NA
"3862",0,1,0,0,2
"3863",0,0,0,0,NA
"3864",0,0,0,0,NA
"3865",0,0,0,0,NA
"3866",0,0,0,0,NA
"3867",0,0,0,0,NA
"3868",0,0,0,0,NA
"3869",0,0,0,0,NA
"3870",0,1,0,0,4
"3871",0,0,0,0,NA
"3872",0,0,0,0,NA
"3873",0,0,0,0,NA
"3874",0,0,0,0,NA
"3875",0,0,0,0,NA
"3876",1,0,0,0,1
"3877",0,1,0,0,2
"3878",1,0,0,0,1
"3879",0,0,0,0,NA
"3880",1,0,0,0,1
"3881",0,0,0,0,NA
"3882",0,0,0,0,NA
"3883",0,0,0,0,NA
"3884",0,0,0,0,NA
"3885",0,0,0,0,NA
"3886",0,1,0,0,1
"3887",1,1,0,0,2
"3888",0,0,0,0,NA
"3889",0,1,0,0,2
"3890",0,0,0,0,NA
"3891",0,1,0,0,2
"3892",0,0,0,0,NA
"3893",0,0,0,0,NA
"3894",0,0,0,0,2
"3895",0,0,0,0,NA
"3896",1,0,0,0,1
"3897",0,0,0,0,NA
"3898",0,0,0,0,NA
"3899",0,0,0,0,NA
"3900",1,0,1,0,1
"3901",0,1,1,0,2
"3902",0,0,0,0,NA
"3903",0,0,0,0,NA
"3904",0,0,0,0,NA
"3905",0,0,0,0,NA
"3906",0,0,0,0,NA
"3907",0,0,0,0,NA
"3908",0,0,0,0,NA
"3909",0,0,0,0,NA
"3910",0,0,0,0,NA
"3911",1,0,0,0,1
"3912",0,1,1,0,3
"3913",0,0,0,0,NA
"3914",1,1,0,0,1
"3915",0,0,0,0,NA
"3916",1,0,0,0,1
"3917",0,0,0,0,NA
"3918",0,1,1,0,2
"3919",0,1,0,0,2
"3920",0,1,0,0,2
"3921",0,0,0,0,NA
"3922",1,0,0,1,NA
"3923",1,0,0,0,4
"3924",0,0,0,0,NA
"3925",1,1,0,0,1
"3926",0,0,0,0,NA
"3927",0,0,0,0,NA
"3928",0,1,0,0,2
"3929",0,0,0,0,NA
"3930",0,0,0,0,NA
"3931",1,1,1,0,NA
"3932",0,0,0,0,NA
"3933",0,0,0,0,NA
"3934",0,1,1,0,2
"3935",0,0,0,0,NA
"3936",0,0,0,0,NA
"3937",0,0,0,0,NA
"3938",0,0,0,0,NA
"3939",0,0,0,0,NA
"3940",0,1,0,0,2
"3941",0,0,0,0,NA
"3942",0,1,1,0,3
"3943",0,1,0,0,2
"3944",0,1,0,0,2
"3945",0,0,0,0,2
"3946",0,1,1,0,2
"3947",0,0,0,0,NA
"3948",0,0,0,0,NA
"3949",0,0,0,0,NA
"3950",0,0,0,0,NA
"3951",0,0,0,0,NA
"3952",0,0,0,0,NA
"3953",0,0,0,0,NA
"3954",0,1,0,0,2
"3955",0,0,0,0,NA
"3956",0,0,0,0,NA
"3957",0,1,1,0,2
"3958",1,0,0,0,1
"3959",0,0,0,0,NA
"3960",0,0,0,0,NA
"3961",0,0,0,0,NA
"3962",1,0,1,0,1
"3963",0,0,0,0,NA
"3964",1,1,0,0,4
"3965",0,1,0,0,2
"3966",0,1,0,0,2
"3967",1,1,1,0,4
"3968",0,0,0,0,NA
"3969",0,1,0,0,2
"3970",0,1,0,0,2
"3971",1,0,0,0,1
"3972",1,1,0,0,1
"3973",0,0,1,0,2
"3974",0,0,0,0,NA
"3975",0,0,0,0,NA
"3976",0,0,0,0,NA
"3977",0,0,1,0,3
"3978",0,1,0,0,2
"3979",1,0,0,0,NA
"3980",0,0,0,0,NA
"3981",0,0,0,0,NA
"3982",0,1,0,0,NA
"3983",0,0,0,0,NA
"3984",0,0,0,0,NA
"3985",0,0,0,0,NA
"3986",0,0,0,1,4
"3987",0,0,0,0,NA
"3988",0,0,0,0,NA
"3989",0,1,0,0,2
"3990",0,0,0,0,NA
"3991",0,1,0,0,NA
"3992",0,0,0,0,NA
"3993",0,0,0,0,NA
"3994",0,0,0,0,NA
"3995",0,0,0,0,NA
"3996",0,0,0,0,NA
"3997",0,0,0,0,NA
"3998",0,0,0,0,NA
"3999",0,1,0,0,1
"4000",0,0,0,0,NA
"4001",0,0,0,0,NA
"4002",0,1,0,0,2
"4003",0,0,0,0,NA
"4004",0,1,0,0,1
"4005",0,0,0,0,NA
"4006",0,0,0,0,NA
"4007",0,0,0,0,NA
"4008",0,1,0,0,2
"4009",0,0,0,0,NA
"4010",0,0,0,0,NA
"4011",1,0,0,0,1
"4012",0,0,0,0,NA
"4013",1,0,0,0,1
"4014",0,0,0,0,NA
"4015",1,0,0,0,1
"4016",0,1,0,0,2
"4017",0,1,0,0,2
"4018",0,0,0,0,NA
"4019",0,0,0,0,NA
"4020",0,1,0,0,2
"4021",0,1,0,0,4
"4022",0,0,0,0,NA
"4023",0,0,0,0,NA
"4024",1,0,0,0,1
"4025",0,0,0,0,NA
"4026",0,0,0,0,NA
"4027",0,0,0,0,1
"4028",0,0,0,0,NA
"4029",0,0,0,0,NA
"4030",0,0,0,0,NA
"4031",0,0,0,0,NA
"4032",1,1,0,0,1
"4033",0,0,0,0,NA
"4034",0,0,0,0,NA
"4035",0,0,0,0,NA
"4036",0,0,0,0,NA
"4037",0,1,0,0,2
"4038",1,0,0,0,1
"4039",0,0,0,0,NA
"4040",0,0,0,0,NA
"4041",0,1,0,0,2
"4042",1,0,0,0,1
"4043",0,1,0,0,2
"4044",0,0,0,0,NA
"4045",1,0,0,0,1
"4046",0,0,0,0,NA
"4047",0,0,0,0,NA
"4048",0,0,0,0,NA
"4049",0,1,0,0,2
"4050",0,1,0,0,4
"4051",0,0,0,0,NA
"4052",0,0,0,0,NA
"4053",1,0,1,0,3
"4054",0,0,0,0,NA
"4055",0,0,0,0,NA
"4056",1,0,0,0,1
"4057",0,0,0,0,NA
"4058",0,1,0,0,2
"4059",0,0,1,0,3
"4060",0,1,0,0,2
"4061",0,0,0,0,NA
"4062",1,0,0,0,1
"4063",0,0,0,0,NA
"4064",0,0,0,0,NA
"4065",0,1,0,0,2
"4066",0,0,0,0,NA
"4067",0,0,0,0,NA
"4068",0,0,0,0,NA
"4069",1,0,0,0,1
"4070",0,0,0,0,NA
"4071",0,0,0,0,NA
"4072",0,0,0,0,NA
"4073",0,1,1,0,3
"4074",0,1,0,0,2
"4075",0,1,0,0,2
"4076",0,0,0,0,NA
"4077",0,1,1,0,1
"4078",0,0,0,0,NA
"4079",0,0,0,0,NA
"4080",1,0,0,0,1
"4081",0,0,0,0,NA
"4082",1,0,0,0,1
"4083",0,0,0,0,NA
"4084",0,1,0,0,2
"4085",0,0,0,0,NA
"4086",0,0,0,0,NA
"4087",0,0,0,0,NA
"4088",0,0,0,0,NA
"4089",0,0,0,0,NA
"4090",1,0,0,0,1
"4091",0,0,0,0,NA
"4092",0,0,0,0,NA
"4093",0,1,0,0,2
"4094",0,1,0,0,2
"4095",0,0,0,0,NA
"4096",0,0,0,0,NA
"4097",0,0,0,0,1
"4098",1,0,0,0,1
"4099",0,1,0,0,2
"4100",0,0,0,0,NA
"4101",0,0,0,0,NA
"4102",0,1,0,0,2
"4103",0,0,0,0,NA
"4104",0,1,0,0,2
"4105",0,0,0,0,NA
"4106",0,0,0,0,NA
"4107",0,0,0,0,NA
"4108",0,1,1,0,3
"4109",1,0,0,0,1
"4110",1,0,0,0,1
"4111",0,0,1,0,3
"4112",0,1,0,0,2
"4113",0,1,1,0,2
"4114",0,1,0,0,2
"4115",0,1,1,0,3
"4116",0,0,0,0,NA
"4117",0,0,0,0,NA
"4118",1,1,1,0,2
"4119",0,1,1,0,3
"4120",0,1,1,0,3
"4121",0,0,0,0,NA
"4122",1,0,0,0,1
"4123",0,0,0,0,NA
"4124",0,0,0,0,NA
"4125",1,0,0,0,1
"4126",0,1,0,0,2
"4127",1,1,0,0,1
"4128",0,0,0,0,NA
"4129",1,0,0,0,1
"4130",0,0,0,0,NA
"4131",0,1,1,0,2
"4132",0,1,0,0,2
"4133",0,0,0,0,NA
"4134",0,0,0,0,NA
"4135",1,0,0,0,NA
"4136",0,0,0,0,NA
"4137",1,0,0,0,1
"4138",0,0,0,0,3
"4139",0,0,0,0,NA
"4140",0,1,0,1,1
"4141",0,0,0,0,NA
"4142",0,1,0,0,2
"4143",0,1,0,0,2
"4144",0,1,0,0,2
"4145",0,0,0,0,NA
"4146",0,0,0,0,NA
"4147",0,0,0,0,NA
"4148",0,1,0,0,2
"4149",1,0,0,0,1
"4150",0,0,0,0,NA
"4151",0,0,0,0,NA
"4152",0,0,0,0,NA
"4153",0,0,0,0,NA
"4154",0,0,0,0,NA
"4155",0,1,0,0,2
"4156",0,0,0,0,NA
"4157",0,0,0,0,NA
"4158",0,0,0,0,NA
"4159",0,0,0,0,NA
"4160",0,0,0,0,NA
"4161",0,1,0,0,2
"4162",0,1,1,0,2
"4163",0,0,0,0,NA
"4164",0,1,0,0,2
"4165",0,0,0,0,NA
"4166",0,0,0,0,NA
"4167",0,0,1,0,3
"4168",0,1,0,0,1
"4169",1,0,0,0,1
"4170",0,1,0,0,2
"4171",1,1,0,0,1
"4172",1,1,0,0,2
"4173",0,0,0,0,NA
"4174",0,0,0,0,NA
"4175",0,0,0,0,NA
"4176",0,0,0,0,NA
"4177",0,0,0,0,NA
"4178",0,0,1,0,3
"4179",0,0,0,0,NA
"4180",0,1,0,0,2
"4181",0,0,0,0,NA
"4182",0,0,0,0,NA
"4183",0,0,0,0,NA
"4184",0,0,0,0,NA
"4185",0,1,0,0,1
"4186",0,0,0,0,NA
"4187",0,0,0,0,NA
"4188",0,0,1,0,NA
"4189",0,0,0,0,NA
"4190",0,1,0,0,2
"4191",0,0,0,0,NA
"4192",0,0,0,0,NA
"4193",0,1,1,0,3
"4194",0,1,0,0,NA
"4195",1,0,0,0,1
"4196",0,0,0,0,2
"4197",0,0,0,0,NA
"4198",1,0,0,0,1
"4199",0,1,0,0,2
"4200",0,1,0,0,2
"4201",0,1,1,0,3
"4202",0,0,0,0,NA
"4203",1,0,0,0,1
"4204",1,1,1,0,1
"4205",1,1,1,0,3
"4206",0,0,0,0,NA
"4207",0,0,0,0,NA
"4208",0,1,0,0,2
"4209",0,0,1,0,3
"4210",0,0,0,0,NA
"4211",0,0,0,0,NA
"4212",1,0,0,0,1
"4213",0,0,0,0,NA
"4214",0,0,0,0,NA
"4215",0,1,0,0,2
"4216",0,0,0,0,NA
"4217",0,1,0,0,2
"4218",0,0,0,0,NA
"4219",0,0,0,0,NA
"4220",0,0,0,0,NA
"4221",1,1,0,0,1
"4222",0,1,0,0,2
"4223",0,0,0,0,NA
"4224",1,0,1,0,1
"4225",0,1,0,0,2
"4226",0,0,0,0,NA
"4227",0,1,1,0,3
"4228",0,0,0,1,4
"4229",0,0,0,0,NA
"4230",0,0,0,0,NA
"4231",0,0,0,0,NA
"4232",0,0,0,0,NA
"4233",0,0,0,0,NA
"4234",0,1,0,0,2
"4235",0,0,0,0,NA
"4236",0,0,0,0,NA
"4237",0,0,0,1,4
"4238",0,0,0,0,NA
"4239",0,1,0,0,2
"4240",1,1,0,0,1
"4241",0,0,0,0,NA
"4242",0,0,0,0,NA
"4243",0,1,0,0,2
"4244",0,1,0,0,2
"4245",0,0,0,0,NA
"4246",1,0,0,0,1
"4247",1,1,0,0,1
"4248",0,1,0,0,2
"4249",0,1,0,0,2
"4250",0,0,0,0,NA
"4251",1,0,0,0,1
"4252",0,0,0,0,NA
"4253",0,1,0,0,2
"4254",1,0,1,0,1
"4255",0,0,0,0,NA
"4256",0,0,0,0,NA
"4257",0,1,0,0,2
"4258",0,0,0,0,NA
"4259",1,1,0,0,1
"4260",1,0,0,0,1
"4261",0,0,0,0,NA
"4262",0,0,0,0,NA
"4263",0,0,0,0,NA
"4264",0,0,0,0,NA
"4265",0,0,0,0,NA
"4266",0,0,0,0,NA
"4267",0,0,0,0,NA
"4268",0,0,0,0,NA
"4269",0,0,0,0,NA
"4270",0,0,0,0,NA
"4271",0,0,0,0,NA
"4272",0,0,0,0,NA
"4273",0,0,0,0,NA
"4274",0,0,0,0,2
"4275",0,0,0,0,NA
"4276",0,0,0,0,NA
"4277",0,0,0,0,NA
"4278",0,1,1,0,3
"4279",0,0,0,0,NA
"4280",0,0,0,0,NA
"4281",0,0,0,0,NA
"4282",0,0,0,0,NA
"4283",0,0,0,0,NA
"4284",0,0,0,0,NA
"4285",0,0,0,0,NA
"4286",0,0,0,0,NA
"4287",0,0,0,0,NA
"4288",0,1,0,0,2
"4289",0,0,0,0,NA
"4290",0,0,0,0,NA
"4291",1,1,0,0,1
"4292",1,0,0,0,1
"4293",0,0,0,0,NA
"4294",0,1,0,0,2
"4295",0,0,0,0,NA
"4296",0,0,0,0,NA
"4297",0,0,0,0,NA
"4298",0,0,0,0,NA
"4299",0,0,0,0,NA
"4300",0,1,0,0,2
"4301",0,0,0,0,NA
"4302",1,0,0,0,1
"4303",0,0,0,0,NA
"4304",0,0,0,0,NA
"4305",1,0,0,0,1
"4306",0,0,0,0,NA
"4307",0,0,1,0,3
"4308",0,1,0,0,2
"4309",0,0,0,0,NA
"4310",0,0,0,0,NA
"4311",0,0,0,0,NA
"4312",0,1,0,0,2
"4313",0,0,0,0,NA
"4314",1,0,0,0,1
"4315",0,0,0,0,NA
"4316",0,0,0,0,NA
"4317",1,1,0,0,1
"4318",0,0,0,0,NA
"4319",0,0,0,0,NA
"4320",1,1,0,0,1
"4321",0,0,0,0,NA
"4322",0,1,0,0,1
"4323",0,0,0,0,NA
"4324",0,0,0,0,NA
"4325",0,1,0,0,2
"4326",1,0,0,0,1
"4327",0,1,0,0,2
"4328",0,0,0,0,NA
"4329",0,0,0,0,NA
"4330",0,0,0,0,NA
"4331",0,0,0,0,NA
"4332",0,0,0,0,NA
"4333",0,0,0,0,NA
"4334",0,1,0,0,2
"4335",0,0,1,0,3
"4336",0,1,0,0,3
"4337",0,1,0,0,NA
"4338",0,0,0,0,NA
"4339",1,0,0,0,1
"4340",0,0,0,0,NA
"4341",1,1,0,0,1
"4342",0,1,0,0,2
"4343",0,0,0,0,NA
"4344",0,0,0,0,NA
"4345",0,1,0,0,2
"4346",0,0,0,0,NA
"4347",0,0,0,0,NA
"4348",0,1,0,0,2
"4349",0,0,0,0,NA
"4350",1,0,0,0,NA
"4351",0,0,0,0,NA
"4352",0,0,0,0,NA
"4353",0,1,0,0,2
"4354",0,0,0,0,NA
"4355",1,0,0,0,1
"4356",0,0,0,0,NA
"4357",0,0,0,0,NA
"4358",1,0,0,0,1
"4359",0,0,0,0,NA
"4360",0,0,0,0,NA
"4361",1,1,0,0,2
"4362",1,1,0,0,2
"4363",0,0,0,0,NA
"4364",0,1,0,0,2
"4365",0,0,0,0,NA
"4366",0,1,0,0,2
"4367",0,1,0,0,2
"4368",0,0,0,0,NA
"4369",0,0,0,0,NA
"4370",0,0,0,0,NA
"4371",1,0,0,0,1
"4372",0,0,0,0,NA
"4373",0,0,0,0,NA
"4374",0,0,0,0,NA
"4375",0,0,0,0,NA
"4376",0,1,0,0,4
"4377",0,1,0,0,2
"4378",0,0,0,0,NA
"4379",0,1,0,0,2
"4380",0,0,0,0,NA
"4381",1,0,0,0,1
"4382",1,1,0,0,2
"4383",0,0,0,0,NA
"4384",0,0,0,1,NA
"4385",0,0,0,0,NA
"4386",0,1,0,0,2
"4387",1,1,0,0,1
"4388",0,0,0,0,NA
"4389",0,0,0,0,NA
"4390",0,0,0,0,NA
"4391",0,0,0,0,NA
"4392",0,1,0,0,2
"4393",0,0,0,0,NA
"4394",0,0,0,0,NA
"4395",0,0,0,0,NA
"4396",0,0,1,0,3
"4397",0,0,0,0,NA
"4398",1,1,0,0,1
"4399",0,0,0,0,NA
"4400",0,0,0,0,NA
"4401",0,0,0,0,NA
"4402",0,1,0,0,2
"4403",0,1,0,0,2
"4404",0,0,1,0,3
"4405",0,0,0,0,NA
"4406",0,1,0,0,2
"4407",0,0,0,0,NA
"4408",0,0,0,0,NA
"4409",0,0,0,0,NA
"4410",0,0,0,0,NA
"4411",0,0,0,0,NA
"4412",1,1,0,0,1
"4413",0,0,0,0,NA
"4414",0,1,0,0,2
"4415",0,1,0,0,2
"4416",0,0,0,0,NA
"4417",0,1,0,0,2
"4418",0,0,0,0,NA
"4419",0,0,0,0,NA
"4420",0,0,0,0,NA
"4421",0,1,1,0,2
"4422",0,1,0,0,2
"4423",0,0,0,0,NA
"4424",0,0,0,0,NA
"4425",0,0,0,1,4
"4426",0,1,0,0,2
"4427",1,1,0,0,1
"4428",0,1,0,0,1
"4429",0,0,0,0,NA
"4430",0,1,0,0,2
"4431",0,0,0,0,NA
"4432",0,0,0,0,NA
"4433",0,0,1,0,3
"4434",0,1,1,0,2
"4435",1,0,0,0,1
"4436",1,1,1,0,2
"4437",0,0,0,0,NA
"4438",0,0,0,0,NA
"4439",0,0,0,0,NA
"4440",0,1,0,0,2
"4441",1,1,1,0,1
"4442",0,0,0,0,NA
"4443",0,0,0,0,NA
"4444",0,1,0,0,2
"4445",1,0,0,0,1
"4446",0,0,0,0,NA
"4447",0,0,0,0,NA
"4448",1,0,0,0,1
"4449",0,1,1,0,2
"4450",0,1,0,0,1
"4451",0,0,0,0,NA
"4452",0,0,0,0,NA
"4453",0,0,0,0,NA
"4454",0,0,0,0,NA
"4455",0,0,0,0,NA
"4456",0,0,0,0,NA
"4457",0,0,0,0,NA
"4458",0,0,0,0,NA
"4459",0,0,0,0,NA
"4460",0,1,0,0,NA
"4461",0,1,0,0,2
"4462",0,0,0,0,NA
"4463",0,1,0,0,NA
"4464",0,0,0,0,NA
"4465",0,0,0,0,NA
"4466",0,0,0,0,NA
"4467",0,0,0,0,NA
"4468",0,1,1,0,2
"4469",0,0,0,0,NA
"4470",0,0,0,0,NA
"4471",0,1,1,0,2
"4472",0,0,0,0,NA
"4473",0,0,0,0,NA
"4474",0,0,0,0,NA
"4475",0,0,0,0,NA
"4476",0,0,0,0,NA
"4477",0,0,0,0,NA
"4478",0,0,0,0,NA
"4479",0,0,0,0,NA
"4480",0,0,0,0,NA
"4481",0,0,0,0,NA
"4482",0,1,0,0,2
"4483",1,0,0,0,1
"4484",0,1,0,0,2
"4485",0,1,1,0,3
"4486",0,0,0,0,NA
"4487",0,1,0,0,2
"4488",0,1,0,0,2
"4489",0,0,0,0,NA
"4490",0,0,0,0,NA
"4491",0,0,0,0,NA
"4492",0,0,0,0,NA
"4493",0,0,0,0,NA
"4494",0,1,1,0,3
"4495",0,0,0,0,NA
"4496",0,0,0,0,NA
"4497",0,0,0,0,NA
"4498",0,0,0,0,NA
"4499",0,0,0,0,NA
"4500",0,0,0,0,NA
"4501",0,1,0,0,2
"4502",0,1,0,0,2
"4503",0,0,0,0,NA
"4504",0,0,0,0,NA
"4505",0,1,0,0,2
"4506",0,1,0,0,2
"4507",0,0,1,0,3
"4508",0,0,0,0,NA
"4509",0,0,0,1,2
"4510",1,0,0,0,4
"4511",1,0,0,0,1
"4512",0,0,0,0,NA
"4513",0,0,0,0,NA
"4514",0,0,0,0,NA
"4515",0,0,0,0,NA
"4516",0,0,0,0,NA
"4517",0,0,0,0,NA
"4518",0,0,0,0,NA
"4519",0,0,0,0,NA
"4520",0,0,0,0,NA
"4521",0,0,0,0,NA
"4522",1,0,0,0,1
"4523",1,0,0,0,1
"4524",0,1,0,0,2
"4525",0,0,0,0,NA
"4526",0,0,0,0,NA
"4527",0,0,0,0,NA
"4528",0,0,0,0,NA
"4529",0,0,0,0,NA
"4530",0,0,0,0,NA
"4531",0,0,0,0,NA
"4532",0,0,0,0,NA
"4533",0,0,0,0,NA
"4534",0,0,1,0,3
"4535",1,1,0,0,2
"4536",0,0,0,0,NA
"4537",0,0,1,0,NA
"4538",0,1,0,0,2
"4539",0,1,0,0,2
"4540",0,0,0,0,NA
"4541",1,0,0,0,1
"4542",0,1,0,0,2
"4543",1,1,0,0,2
"4544",0,1,0,0,2
"4545",0,0,0,0,NA
"4546",0,0,0,0,NA
"4547",0,0,0,0,NA
"4548",0,0,0,0,NA
"4549",0,0,0,0,NA
"4550",0,0,0,0,NA
"4551",0,0,0,0,NA
"4552",0,0,0,0,NA
"4553",0,1,0,0,2
"4554",0,1,0,0,2
"4555",0,0,0,0,NA
"4556",0,0,0,0,NA
"4557",1,0,0,0,1
"4558",0,0,0,0,NA
"4559",0,0,0,0,NA
"4560",0,0,0,0,NA
"4561",0,0,0,0,NA
"4562",0,0,0,0,NA
"4563",0,0,0,0,NA
"4564",0,0,0,0,NA
"4565",0,0,0,0,NA
"4566",1,1,0,0,2
"4567",1,0,0,0,1
"4568",0,0,0,0,NA
"4569",0,0,0,0,NA
"4570",1,1,1,0,1
"4571",0,0,1,0,NA
"4572",0,0,0,0,NA
"4573",1,0,0,0,1
"4574",0,0,0,0,NA
"4575",1,0,0,0,1
"4576",0,0,0,0,NA
"4577",0,1,1,0,3
"4578",0,0,0,0,NA
"4579",0,0,0,0,NA
"4580",1,0,0,0,1
"4581",0,0,0,0,NA
"4582",0,0,0,0,NA
"4583",0,0,0,0,NA
"4584",0,0,0,0,NA
"4585",0,0,0,0,NA
"4586",0,0,0,0,NA
"4587",0,0,0,0,NA
"4588",0,0,0,0,NA
"4589",0,1,0,0,2
"4590",0,0,0,0,NA
"4591",0,0,1,0,NA
"4592",0,0,0,0,NA
"4593",0,0,0,0,NA
"4594",0,0,0,0,NA
"4595",0,0,0,0,NA
"4596",0,0,1,0,3
"4597",0,0,0,0,NA
"4598",0,0,0,0,NA
"4599",0,0,0,0,NA
"4600",0,0,0,0,NA
"4601",0,0,0,0,NA
"4602",0,1,0,0,2
"4603",1,1,0,0,2
"4604",0,1,0,0,2
"4605",0,1,1,0,2
"4606",0,0,0,0,NA
"4607",0,1,0,0,2
"4608",0,0,0,0,NA
"4609",0,0,0,0,NA
"4610",0,0,0,0,NA
"4611",0,1,0,0,NA
"4612",0,0,0,0,NA
"4613",0,0,0,0,2
"4614",0,0,0,0,NA
"4615",0,0,0,0,NA
"4616",0,0,0,0,NA
"4617",0,1,0,0,2
"4618",0,0,0,0,NA
"4619",0,0,0,0,NA
"4620",0,0,0,0,NA
"4621",0,0,0,0,NA
"4622",0,0,0,0,NA
"4623",0,0,0,0,NA
"4624",0,1,0,0,2
"4625",0,1,0,0,2
"4626",0,1,1,0,3
"4627",0,0,1,0,3
"4628",0,0,0,0,NA
"4629",0,0,0,0,NA
"4630",0,0,0,0,NA
"4631",0,0,0,0,NA
"4632",1,0,0,0,1
"4633",0,0,0,0,NA
"4634",0,0,0,0,NA
"4635",0,0,0,0,NA
"4636",0,0,0,0,NA
"4637",0,0,0,0,NA
"4638",0,0,0,0,NA
"4639",0,1,0,0,2
"4640",0,0,0,0,NA
"4641",0,0,0,0,NA
"4642",0,1,0,0,2
"4643",1,1,0,0,1
"4644",0,0,0,0,NA
"4645",0,0,0,0,NA
"4646",1,0,0,0,1
"4647",0,0,0,0,NA
"4648",0,0,0,0,NA
"4649",0,0,0,0,NA
"4650",0,1,1,0,2
"4651",0,0,0,0,NA
"4652",0,0,1,0,3
"4653",0,0,0,0,NA
"4654",0,0,0,0,NA
"4655",0,1,0,0,2
"4656",0,0,0,0,NA
"4657",0,0,0,0,NA
"4658",0,0,0,0,NA
"4659",0,1,0,0,2
"4660",1,1,0,0,1
"4661",0,0,0,0,NA
"4662",0,0,0,0,NA
"4663",0,1,0,0,2
"4664",0,1,0,0,2
"4665",0,0,0,0,NA
"4666",0,0,0,0,NA
"4667",0,1,0,0,1
"4668",0,0,0,0,NA
"4669",0,1,0,0,NA
"4670",0,0,0,0,1
"4671",0,0,0,0,NA
"4672",0,1,1,0,3
"4673",0,0,0,0,NA
"4674",0,0,0,0,NA
"4675",0,0,0,0,NA
"4676",0,0,0,0,NA
"4677",1,0,0,0,1
"4678",0,0,1,0,3
"4679",0,0,0,0,NA
"4680",1,0,0,0,1
"4681",0,0,0,0,NA
"4682",0,1,1,0,2
"4683",0,1,0,0,2
"4684",0,1,0,0,4
"4685",0,1,0,0,1
"4686",0,0,0,0,NA
"4687",0,0,0,0,NA
"4688",0,0,0,0,NA
"4689",0,0,0,0,NA
"4690",0,0,0,0,NA
"4691",0,1,0,0,NA
"4692",1,0,0,0,1
"4693",0,0,0,0,NA
"4694",0,0,0,0,NA
"4695",0,0,0,0,NA
"4696",0,1,0,0,2
"4697",1,0,0,0,1
"4698",0,0,0,0,NA
"4699",0,1,0,0,2
"4700",0,0,0,0,NA
"4701",1,1,0,0,1
"4702",1,0,1,0,1
"4703",0,0,0,0,NA
"4704",0,0,0,0,NA
"4705",0,0,0,0,NA
"4706",0,0,0,0,NA
"4707",0,0,0,1,1
"4708",1,0,0,0,1
"4709",0,0,0,0,NA
"4710",0,1,0,0,2
"4711",0,0,0,0,NA
"4712",0,1,0,0,2
"4713",0,1,0,0,NA
"4714",0,0,1,0,3
"4715",0,0,0,0,NA
"4716",0,1,0,0,2
"4717",1,0,0,0,1
"4718",0,0,0,0,NA
"4719",0,1,0,0,2
"4720",0,1,0,0,2
"4721",0,0,0,0,NA
"4722",0,0,0,0,NA
"4723",0,0,0,0,NA
"4724",1,0,0,0,1
"4725",0,0,0,0,NA
"4726",0,0,0,0,NA
"4727",1,0,0,0,1
"4728",0,0,0,0,NA
"4729",0,1,0,0,2
"4730",0,0,0,0,NA
"4731",0,0,0,0,NA
"4732",0,1,0,0,2
"4733",0,1,0,0,2
"4734",0,1,0,0,2
"4735",0,1,0,0,2
"4736",1,0,0,0,1
"4737",0,0,0,1,4
"4738",0,0,0,0,NA
"4739",0,0,0,0,NA
"4740",0,0,0,0,NA
"4741",1,0,0,0,1
"4742",0,0,0,0,NA
"4743",0,1,0,0,2
"4744",0,0,0,0,NA
"4745",0,0,0,0,NA
"4746",0,0,0,0,NA
"4747",0,0,0,0,NA
"4748",0,0,1,0,3
"4749",0,0,0,0,NA
"4750",0,0,0,0,NA
"4751",0,1,0,0,2
"4752",1,0,0,0,1
"4753",0,0,0,0,NA
"4754",1,0,0,0,1
"4755",0,0,0,0,NA
"4756",0,0,0,0,NA
"4757",0,0,0,0,NA
"4758",1,0,0,0,1
"4759",0,0,0,0,NA
"4760",0,0,0,0,NA
"4761",1,0,0,0,1
"4762",0,0,0,0,NA
"4763",0,1,0,0,2
"4764",0,0,0,0,NA
"4765",0,0,0,0,NA
"4766",0,0,0,0,NA
"4767",0,1,0,0,2
"4768",0,0,0,0,NA
"4769",1,0,0,0,1
"4770",0,0,0,0,NA
"4771",1,1,0,0,1
"4772",0,0,0,0,NA
"4773",0,0,0,0,NA
"4774",0,0,0,0,NA
"4775",1,0,0,0,1
"4776",0,1,1,0,3
"4777",0,0,0,0,NA
"4778",0,0,0,0,NA
"4779",0,0,0,0,NA
"4780",0,0,0,0,NA
"4781",0,1,0,0,2
"4782",0,1,0,0,2
"4783",0,0,0,0,NA
"4784",0,0,0,0,NA
"4785",0,1,0,0,2
"4786",0,0,0,0,NA
"4787",0,0,0,0,NA
"4788",0,0,0,0,NA
"4789",0,1,0,0,NA
"4790",0,1,0,0,2
"4791",0,0,0,0,NA
"4792",0,1,0,0,2
"4793",0,1,0,0,2
"4794",0,0,0,0,NA
"4795",0,0,0,0,NA
"4796",0,1,0,0,NA
"4797",0,0,1,0,3
"4798",1,0,0,0,1
"4799",0,0,0,0,NA
"4800",0,0,0,0,NA
"4801",0,0,0,0,2
"4802",0,0,0,0,NA
"4803",0,0,0,0,NA
"4804",0,0,0,0,NA
"4805",0,0,0,0,NA
"4806",0,0,0,0,NA
"4807",0,0,0,0,NA
"4808",0,1,0,0,2
"4809",0,0,0,0,NA
"4810",0,1,0,0,2
"4811",1,0,0,0,1
"4812",0,0,0,0,NA
"4813",0,1,0,0,2
"4814",0,0,0,0,NA
"4815",0,0,0,0,NA
"4816",0,0,0,0,NA
"4817",0,1,0,0,2
"4818",0,0,0,0,NA
"4819",0,0,1,0,3
"4820",0,0,0,0,NA
"4821",0,0,0,0,NA
"4822",0,1,0,0,2
"4823",0,0,0,0,NA
"4824",0,0,0,0,NA
"4825",0,0,0,0,NA
"4826",0,0,0,0,NA
"4827",0,0,0,0,NA
"4828",0,0,0,0,NA
"4829",0,0,0,0,NA
"4830",1,0,0,0,1
"4831",0,1,0,0,2
"4832",0,1,0,0,2
"4833",0,0,1,0,3
"4834",0,0,0,0,NA
"4835",0,0,0,0,NA
"4836",0,0,0,0,NA
"4837",1,0,0,0,1
"4838",0,1,0,0,2
"4839",0,0,0,0,NA
"4840",1,1,0,0,1
"4841",0,1,0,0,2
"4842",0,1,0,0,2
"4843",0,1,0,0,2
"4844",0,0,0,0,NA
"4845",0,0,0,0,NA
