"","num_cpan_modules","num_cpan_modules_handed_over"
"1",2,1
"2",1,1
"3",1,1
"4",1,2
"5",NA,NA
"6",1,1
"7",NA,NA
"8",2,1
"9",2,2
"10",1,1
"11",1,1
"12",1,1
"13",1,1
"14",2,2
"15",NA,NA
"16",1,1
"17",1,1
"18",1,1
"19",1,1
"20",1,1
"21",1,1
"22",NA,NA
"23",NA,NA
"24",1,1
"25",NA,NA
"26",1,1
"27",2,1
"28",1,1
"29",1,1
"30",1,3
"31",1,1
"32",1,2
"33",1,1
"34",1,1
"35",1,1
"36",1,1
"37",1,1
"38",1,1
"39",1,1
"40",NA,NA
"41",1,1
"42",1,1
"43",NA,NA
"44",1,1
"45",2,2
"46",NA,NA
"47",NA,NA
"48",1,1
"49",2,1
"50",1,1
"51",1,1
"52",1,1
"53",1,1
"54",1,1
"55",1,1
"56",2,1
"57",NA,NA
"58",1,1
"59",1,1
"60",1,1
"61",3,2
"62",2,1
"63",NA,NA
"64",NA,NA
"65",1,1
"66",1,2
"67",1,1
"68",1,1
"69",2,1
"70",NA,NA
"71",2,1
"72",3,1
"73",1,1
"74",1,1
"75",3,2
"76",1,1
"77",1,1
"78",1,1
"79",1,1
"80",NA,NA
"81",1,1
"82",NA,NA
"83",2,2
"84",1,1
"85",2,1
"86",NA,NA
"87",1,1
"88",1,1
"89",4,1
"90",1,1
"91",3,4
"92",1,1
"93",1,1
"94",1,3
"95",1,1
"96",2,2
"97",2,1
"98",1,1
"99",1,1
"100",4,4
"101",NA,NA
"102",1,1
"103",1,2
"104",1,1
"105",1,1
"106",1,2
"107",1,2
"108",2,1
"109",1,1
"110",NA,NA
"111",1,1
"112",3,1
"113",NA,NA
"114",2,3
"115",1,1
"116",NA,NA
"117",1,1
"118",1,1
"119",1,1
"120",1,1
"121",1,1
"122",NA,NA
"123",1,1
"124",NA,NA
"125",1,1
"126",2,1
"127",NA,NA
"128",1,1
"129",1,1
"130",NA,NA
"131",1,1
"132",NA,NA
"133",1,1
"134",3,1
"135",1,1
"136",1,1
"137",2,1
"138",1,1
"139",1,1
"140",1,1
"141",1,1
"142",NA,NA
"143",1,1
"144",NA,NA
"145",2,1
"146",2,2
"147",NA,NA
"148",1,1
"149",1,1
"150",4,2
"151",1,1
"152",1,1
"153",NA,NA
"154",1,1
"155",1,1
"156",NA,NA
"157",1,1
"158",1,1
"159",1,1
"160",NA,NA
"161",1,1
"162",1,1
"163",1,1
"164",4,3
"165",1,1
"166",2,1
"167",2,1
"168",3,1
"169",1,1
"170",1,1
"171",1,1
"172",3,1
"173",1,1
"174",1,2
"175",NA,NA
"176",NA,NA
"177",NA,NA
"178",1,1
"179",NA,NA
"180",1,1
"181",1,1
"182",NA,NA
"183",1,1
"184",1,1
"185",1,1
"186",1,1
"187",3,1
"188",NA,NA
"189",NA,NA
"190",NA,NA
"191",NA,NA
"192",1,1
"193",1,1
"194",1,1
"195",1,1
"196",NA,NA
"197",NA,NA
"198",1,1
"199",1,1
"200",1,1
"201",1,1
"202",1,1
"203",1,2
"204",1,1
"205",2,2
"206",1,1
"207",2,1
"208",1,1
"209",2,2
"210",1,1
"211",1,1
"212",1,1
"213",2,2
"214",NA,NA
"215",NA,NA
"216",2,1
"217",1,1
"218",2,1
"219",NA,NA
"220",NA,NA
"221",NA,NA
"222",1,1
"223",1,1
"224",1,1
"225",1,1
"226",1,1
"227",1,1
"228",1,1
"229",NA,NA
"230",2,1
"231",1,1
"232",1,1
"233",NA,NA
"234",NA,NA
"235",1,1
"236",1,1
"237",1,1
"238",1,1
"239",1,1
"240",NA,NA
"241",1,1
"242",1,1
"243",NA,NA
"244",1,1
"245",1,1
"246",2,1
"247",1,1
"248",1,1
"249",1,1
"250",NA,NA
"251",1,1
"252",NA,NA
"253",1,1
"254",NA,NA
"255",2,1
"256",4,2
"257",2,1
"258",1,1
"259",2,1
"260",3,2
"261",NA,NA
"262",1,1
"263",1,1
"264",2,2
"265",2,1
"266",2,1
"267",1,1
"268",1,1
"269",2,1
"270",4,1
"271",NA,NA
"272",1,1
"273",1,1
"274",2,1
"275",1,1
"276",NA,NA
"277",1,1
"278",1,2
"279",NA,NA
"280",1,1
"281",1,1
"282",1,1
"283",4,4
"284",1,1
"285",NA,NA
"286",NA,NA
"287",1,1
"288",1,1
"289",NA,NA
"290",NA,NA
"291",1,1
"292",1,1
"293",1,1
"294",1,1
"295",NA,NA
"296",1,1
"297",1,1
"298",1,1
"299",1,NA
"300",1,1
"301",1,1
"302",1,1
"303",1,1
"304",4,1
"305",1,1
"306",1,1
"307",1,1
"308",1,1
"309",1,1
"310",1,1
"311",1,1
"312",2,2
"313",NA,NA
"314",1,1
"315",1,NA
"316",1,1
"317",NA,NA
"318",1,1
"319",1,1
"320",1,1
"321",1,1
"322",NA,NA
"323",1,1
"324",1,1
"325",NA,NA
"326",1,1
"327",2,1
"328",4,2
"329",NA,NA
"330",1,1
"331",NA,NA
"332",1,1
"333",1,1
"334",1,1
"335",NA,NA
"336",1,1
"337",2,1
"338",NA,NA
"339",NA,NA
"340",3,3
"341",1,1
"342",NA,NA
"343",2,1
"344",1,1
"345",1,1
"346",1,1
"347",1,1
"348",2,1
"349",NA,NA
"350",NA,NA
"351",NA,NA
"352",1,1
"353",NA,NA
"354",4,3
"355",1,1
"356",NA,NA
"357",1,1
"358",1,1
"359",NA,NA
"360",1,1
"361",1,1
"362",NA,NA
"363",2,1
"364",NA,NA
"365",2,2
"366",NA,NA
"367",1,1
"368",1,1
"369",1,2
"370",1,1
"371",1,1
"372",1,1
"373",1,1
"374",NA,NA
"375",1,1
"376",2,1
"377",NA,NA
"378",1,1
"379",NA,NA
"380",1,1
"381",2,1
"382",1,1
"383",1,1
"384",NA,NA
"385",1,1
"386",1,1
"387",NA,NA
"388",NA,NA
"389",2,1
"390",2,1
"391",NA,NA
"392",NA,NA
"393",1,1
"394",1,1
"395",NA,NA
"396",1,1
"397",1,1
"398",1,1
"399",3,1
"400",1,1
"401",1,1
"402",1,1
"403",NA,NA
"404",1,2
"405",1,3
"406",NA,NA
"407",1,1
"408",NA,NA
"409",1,1
"410",1,1
"411",1,1
"412",3,1
"413",1,1
"414",1,1
"415",1,1
"416",NA,NA
"417",2,1
"418",2,2
"419",NA,NA
"420",2,1
"421",NA,NA
"422",2,2
"423",NA,NA
"424",1,1
"425",2,1
"426",1,1
"427",1,1
"428",NA,NA
"429",1,1
"430",NA,NA
"431",1,1
"432",NA,NA
"433",1,1
"434",NA,NA
"435",NA,NA
"436",1,1
"437",1,1
"438",2,1
"439",2,1
"440",1,1
"441",NA,NA
"442",2,1
"443",1,1
"444",1,1
"445",1,1
"446",NA,NA
"447",NA,NA
"448",3,1
"449",1,1
"450",1,1
"451",1,1
"452",NA,NA
"453",2,1
"454",3,1
"455",1,1
"456",NA,NA
"457",1,1
"458",1,1
"459",1,1
"460",1,1
"461",1,1
"462",2,NA
"463",2,1
"464",2,2
"465",1,1
"466",NA,NA
"467",1,2
"468",NA,NA
"469",NA,NA
"470",1,1
"471",1,1
"472",NA,NA
"473",1,1
"474",NA,NA
"475",1,1
"476",1,1
"477",1,1
"478",NA,NA
"479",NA,NA
"480",2,1
"481",1,1
"482",1,1
"483",2,1
"484",NA,NA
"485",1,1
"486",NA,NA
"487",2,1
"488",NA,NA
"489",1,1
"490",3,1
"491",4,3
"492",1,1
"493",NA,NA
"494",3,1
"495",1,1
"496",1,1
"497",NA,NA
"498",1,1
"499",1,1
"500",NA,NA
"501",2,1
"502",NA,NA
"503",NA,NA
"504",2,1
"505",1,1
"506",1,1
"507",1,2
"508",NA,NA
"509",1,1
"510",1,1
"511",1,1
"512",2,1
"513",1,1
"514",NA,NA
"515",1,1
"516",1,1
"517",1,1
"518",1,1
"519",1,1
"520",1,1
"521",1,1
"522",2,1
"523",1,1
"524",1,1
"525",1,1
"526",1,1
"527",1,1
"528",1,1
"529",1,1
"530",1,1
"531",1,1
"532",1,1
"533",1,1
"534",1,1
"535",3,2
"536",1,1
"537",1,1
"538",NA,NA
"539",1,1
"540",1,1
"541",NA,NA
"542",NA,NA
"543",1,3
"544",1,1
"545",1,1
"546",1,1
"547",1,1
"548",NA,NA
"549",NA,NA
"550",NA,NA
"551",2,1
"552",1,1
"553",NA,NA
"554",1,1
"555",1,1
"556",1,1
"557",1,1
"558",1,1
"559",2,1
"560",1,1
"561",NA,NA
"562",NA,NA
"563",1,1
"564",2,2
"565",NA,NA
"566",NA,NA
"567",1,1
"568",NA,NA
"569",1,1
"570",NA,NA
"571",1,1
"572",NA,NA
"573",1,1
"574",1,1
"575",1,1
"576",NA,NA
"577",1,1
"578",1,1
"579",NA,NA
"580",1,1
"581",3,1
"582",1,1
"583",1,1
"584",NA,NA
"585",1,1
"586",NA,NA
"587",1,1
"588",1,1
"589",1,1
"590",1,1
"591",NA,NA
"592",1,1
"593",2,1
"594",1,1
"595",1,1
"596",4,1
"597",1,1
"598",1,1
"599",NA,NA
"600",1,1
"601",2,1
"602",NA,NA
"603",NA,NA
"604",1,1
"605",4,2
"606",NA,NA
"607",1,1
"608",NA,NA
"609",1,1
"610",NA,NA
"611",NA,NA
"612",NA,NA
"613",1,1
"614",NA,NA
"615",NA,NA
"616",1,1
"617",NA,NA
"618",1,1
"619",3,1
"620",1,1
"621",NA,NA
"622",NA,NA
"623",1,1
"624",1,1
"625",1,1
"626",1,1
"627",NA,NA
"628",1,1
"629",NA,NA
"630",NA,NA
"631",1,1
"632",1,1
"633",1,1
"634",1,1
"635",NA,NA
"636",1,1
"637",NA,NA
"638",1,1
"639",1,1
"640",1,1
"641",NA,NA
"642",1,1
"643",1,1
"644",1,1
"645",1,1
"646",2,3
"647",1,1
"648",1,1
"649",1,1
"650",1,1
"651",NA,NA
"652",1,1
"653",1,1
"654",1,1
"655",NA,NA
"656",1,1
"657",1,1
"658",1,1
"659",NA,NA
"660",2,1
"661",NA,NA
"662",1,1
"663",3,1
"664",1,1
"665",3,2
"666",1,1
"667",1,1
"668",1,1
"669",1,1
"670",2,1
"671",1,1
"672",2,1
"673",NA,NA
"674",1,1
"675",1,1
"676",2,1
"677",1,1
"678",1,1
"679",1,1
"680",NA,NA
"681",1,1
"682",NA,NA
"683",2,1
"684",3,2
"685",2,1
"686",NA,NA
"687",NA,NA
"688",1,1
"689",4,3
"690",NA,NA
"691",1,1
"692",1,1
"693",2,1
"694",NA,NA
"695",NA,NA
"696",1,1
"697",1,1
"698",2,1
"699",1,1
"700",1,1
"701",1,1
"702",1,1
"703",1,1
"704",1,1
"705",2,1
"706",2,1
"707",1,1
"708",2,1
"709",1,1
"710",NA,NA
"711",NA,NA
"712",NA,NA
"713",1,1
"714",NA,NA
"715",1,1
"716",1,1
"717",1,1
"718",1,1
"719",NA,NA
"720",1,1
"721",1,1
"722",NA,NA
"723",1,1
"724",1,1
"725",2,1
"726",1,1
"727",1,1
"728",2,1
"729",1,1
"730",1,1
"731",NA,NA
"732",1,1
"733",NA,NA
"734",1,1
"735",1,1
"736",1,1
"737",1,1
"738",2,1
"739",1,2
"740",1,1
"741",1,1
"742",3,1
"743",1,1
"744",2,1
"745",2,1
"746",NA,NA
"747",2,2
"748",1,1
"749",1,1
"750",2,1
"751",3,2
"752",1,1
"753",1,1
"754",2,1
"755",1,1
"756",1,1
"757",1,1
"758",1,1
"759",3,2
"760",NA,NA
"761",1,1
"762",NA,NA
"763",1,1
"764",NA,NA
"765",1,1
"766",1,1
"767",1,1
"768",1,1
"769",1,1
"770",1,1
"771",NA,NA
"772",1,1
"773",1,1
"774",1,1
"775",1,1
"776",1,1
"777",1,1
"778",1,1
"779",1,1
"780",NA,NA
"781",4,4
"782",1,1
"783",1,1
"784",2,1
"785",1,1
"786",4,1
"787",1,1
"788",1,1
"789",1,1
"790",1,1
"791",1,1
"792",1,1
"793",NA,NA
"794",2,2
"795",1,1
"796",1,1
"797",2,2
"798",1,2
"799",1,1
"800",1,1
"801",1,1
"802",1,1
"803",2,1
"804",1,1
"805",1,1
"806",3,1
"807",1,1
"808",1,1
"809",NA,NA
"810",1,1
"811",1,1
"812",1,1
"813",1,1
"814",1,1
"815",1,1
"816",1,1
"817",2,1
"818",1,1
"819",1,1
"820",NA,NA
"821",2,1
"822",2,2
"823",1,1
"824",1,1
"825",NA,NA
"826",2,1
"827",1,1
"828",1,1
"829",1,1
"830",1,1
"831",4,1
"832",NA,NA
"833",1,1
"834",1,1
"835",NA,NA
"836",1,1
"837",NA,NA
"838",1,1
"839",1,1
"840",1,1
"841",1,1
"842",1,2
"843",NA,NA
"844",NA,NA
"845",NA,NA
"846",1,1
"847",1,1
"848",2,2
"849",1,1
"850",NA,NA
"851",2,2
"852",NA,NA
"853",2,1
"854",1,1
"855",1,1
"856",1,1
"857",1,1
"858",NA,NA
"859",1,1
"860",1,1
"861",1,1
"862",1,1
"863",1,1
"864",1,1
"865",1,1
"866",NA,NA
"867",NA,NA
"868",1,1
"869",NA,NA
"870",1,1
"871",1,1
"872",1,1
"873",1,1
"874",1,1
"875",NA,NA
"876",1,1
"877",1,1
"878",NA,NA
"879",1,1
"880",NA,NA
"881",NA,NA
"882",1,1
"883",1,2
"884",1,1
"885",1,1
"886",1,1
"887",1,1
"888",1,1
"889",2,1
"890",3,1
"891",1,2
"892",1,1
"893",1,1
"894",1,1
"895",1,1
"896",2,1
"897",1,1
"898",1,1
"899",NA,NA
"900",1,1
"901",1,1
"902",NA,NA
"903",NA,NA
"904",NA,NA
"905",NA,NA
"906",NA,NA
"907",NA,NA
"908",1,1
"909",1,1
"910",NA,NA
"911",1,1
"912",NA,NA
"913",1,1
"914",NA,NA
"915",1,1
"916",NA,NA
"917",NA,4
"918",1,1
"919",1,1
"920",1,1
"921",1,1
"922",2,1
"923",1,1
"924",2,1
"925",NA,NA
"926",1,2
"927",1,1
"928",1,1
"929",1,1
"930",1,1
"931",1,1
"932",2,1
"933",1,1
"934",1,1
"935",2,1
"936",1,1
"937",NA,NA
"938",1,1
"939",2,1
"940",2,1
"941",1,1
"942",NA,NA
"943",2,1
"944",2,1
"945",2,1
"946",1,1
"947",2,1
"948",2,1
"949",2,1
"950",1,1
"951",1,1
"952",1,1
"953",NA,NA
"954",1,1
"955",NA,NA
"956",4,2
"957",1,1
"958",NA,NA
"959",1,1
"960",1,1
"961",NA,NA
"962",1,1
"963",1,1
"964",1,1
"965",NA,NA
"966",1,1
"967",1,1
"968",1,1
"969",1,1
"970",1,1
"971",NA,NA
"972",2,1
"973",1,1
"974",1,1
"975",1,1
"976",1,1
"977",NA,NA
"978",2,1
"979",NA,NA
"980",1,1
"981",NA,NA
"982",1,2
"983",1,1
"984",1,1
"985",2,1
"986",2,1
"987",1,1
"988",NA,NA
"989",1,1
"990",2,2
"991",NA,NA
"992",1,3
"993",NA,NA
"994",NA,NA
"995",NA,NA
"996",1,1
"997",1,1
"998",1,1
"999",1,1
"1000",1,1
"1001",1,1
"1002",NA,NA
"1003",1,1
"1004",1,1
"1005",2,1
"1006",1,1
"1007",NA,NA
"1008",NA,NA
"1009",2,1
"1010",1,1
"1011",1,1
"1012",1,1
"1013",NA,NA
"1014",1,1
"1015",1,1
"1016",1,1
"1017",NA,NA
"1018",2,2
"1019",1,1
"1020",1,1
"1021",1,1
"1022",1,1
"1023",1,1
"1024",1,1
"1025",1,1
"1026",NA,NA
"1027",1,1
"1028",1,1
"1029",2,1
"1030",1,1
"1031",1,1
"1032",2,1
"1033",2,1
"1034",1,1
"1035",NA,NA
"1036",1,1
"1037",1,1
"1038",1,1
"1039",NA,NA
"1040",3,1
"1041",3,1
"1042",NA,NA
"1043",1,1
"1044",NA,NA
"1045",1,1
"1046",1,1
"1047",1,1
"1048",NA,NA
"1049",1,1
"1050",1,1
"1051",4,1
"1052",1,1
"1053",1,1
"1054",1,1
"1055",1,1
"1056",1,1
"1057",2,1
"1058",NA,NA
"1059",NA,NA
"1060",1,1
"1061",1,1
"1062",1,1
"1063",2,1
"1064",NA,NA
"1065",1,1
"1066",1,1
"1067",2,1
"1068",1,1
"1069",1,1
"1070",1,1
"1071",NA,NA
"1072",1,1
"1073",NA,NA
"1074",1,1
"1075",2,1
"1076",2,2
"1077",NA,NA
"1078",2,1
"1079",1,1
"1080",1,1
"1081",NA,NA
"1082",NA,NA
"1083",2,1
"1084",1,1
"1085",1,1
"1086",1,1
"1087",1,1
"1088",NA,NA
"1089",2,2
"1090",1,1
"1091",1,1
"1092",1,1
"1093",1,1
"1094",NA,NA
"1095",2,1
"1096",1,1
"1097",NA,NA
"1098",NA,NA
"1099",1,1
"1100",NA,NA
"1101",NA,NA
"1102",NA,NA
"1103",1,1
"1104",1,1
"1105",1,1
"1106",NA,NA
"1107",2,1
"1108",NA,NA
"1109",1,1
"1110",1,1
"1111",1,1
"1112",1,1
"1113",NA,NA
"1114",1,1
"1115",1,1
"1116",1,1
"1117",3,1
"1118",NA,NA
"1119",NA,NA
"1120",1,1
"1121",1,1
"1122",1,1
"1123",1,1
"1124",1,1
"1125",NA,NA
"1126",1,1
"1127",1,1
"1128",NA,NA
"1129",NA,NA
"1130",3,1
"1131",1,1
"1132",1,1
"1133",1,1
"1134",NA,NA
"1135",1,1
"1136",1,1
"1137",2,1
"1138",3,1
"1139",NA,NA
"1140",1,1
"1141",NA,NA
"1142",1,1
"1143",1,1
"1144",1,1
"1145",NA,NA
"1146",4,3
"1147",NA,NA
"1148",2,1
"1149",2,1
"1150",NA,NA
"1151",2,1
"1152",NA,NA
"1153",1,1
"1154",1,1
"1155",NA,NA
"1156",1,1
"1157",1,1
"1158",1,1
"1159",1,1
"1160",1,1
"1161",3,2
"1162",NA,NA
"1163",2,1
"1164",1,1
"1165",2,1
"1166",1,1
"1167",NA,NA
"1168",2,1
"1169",NA,NA
"1170",1,1
"1171",NA,NA
"1172",1,1
"1173",2,1
"1174",NA,NA
"1175",2,1
"1176",1,1
"1177",1,1
"1178",1,1
"1179",1,1
"1180",1,1
"1181",1,1
"1182",1,1
"1183",NA,NA
"1184",2,2
"1185",1,1
"1186",NA,NA
"1187",NA,NA
"1188",NA,NA
"1189",1,1
"1190",1,2
"1191",1,1
"1192",NA,NA
"1193",1,1
"1194",1,1
"1195",2,1
"1196",NA,NA
"1197",NA,NA
"1198",NA,NA
"1199",1,1
"1200",2,1
"1201",NA,NA
"1202",1,1
"1203",2,1
"1204",NA,NA
"1205",1,1
"1206",1,1
"1207",NA,NA
"1208",NA,NA
"1209",2,2
"1210",1,1
"1211",1,1
"1212",1,1
"1213",3,1
"1214",NA,NA
"1215",2,2
"1216",1,1
"1217",1,1
"1218",1,4
"1219",1,1
"1220",1,1
"1221",1,1
"1222",4,3
"1223",NA,NA
"1224",3,1
"1225",1,1
"1226",1,1
"1227",NA,NA
"1228",1,1
"1229",2,1
"1230",1,1
"1231",1,1
"1232",NA,NA
"1233",1,1
"1234",NA,NA
"1235",1,1
"1236",1,1
"1237",NA,NA
"1238",1,1
"1239",1,1
"1240",1,1
"1241",NA,NA
"1242",NA,NA
"1243",NA,NA
"1244",1,1
"1245",1,1
"1246",2,1
"1247",NA,NA
"1248",3,1
"1249",NA,NA
"1250",NA,NA
"1251",1,1
"1252",1,1
"1253",1,1
"1254",1,1
"1255",NA,NA
"1256",1,1
"1257",1,1
"1258",1,1
"1259",1,1
"1260",NA,NA
"1261",NA,NA
"1262",1,1
"1263",1,3
"1264",NA,NA
"1265",1,NA
"1266",2,1
"1267",1,1
"1268",4,1
"1269",1,1
"1270",NA,NA
"1271",2,2
"1272",NA,NA
"1273",1,1
"1274",NA,NA
"1275",NA,NA
"1276",1,1
"1277",1,1
"1278",1,1
"1279",1,1
"1280",1,1
"1281",1,1
"1282",2,1
"1283",NA,NA
"1284",1,1
"1285",1,1
"1286",1,1
"1287",1,1
"1288",2,1
"1289",1,1
"1290",NA,NA
"1291",NA,NA
"1292",NA,NA
"1293",1,1
"1294",1,1
"1295",NA,NA
"1296",1,1
"1297",1,1
"1298",1,1
"1299",1,3
"1300",NA,NA
"1301",1,NA
"1302",1,1
"1303",1,1
"1304",NA,NA
"1305",1,1
"1306",1,1
"1307",1,1
"1308",1,1
"1309",NA,NA
"1310",1,1
"1311",1,1
"1312",1,1
"1313",2,1
"1314",1,1
"1315",1,1
"1316",NA,NA
"1317",1,1
"1318",1,1
"1319",3,2
"1320",NA,NA
"1321",1,1
"1322",1,1
"1323",1,1
"1324",1,1
"1325",2,NA
"1326",1,1
"1327",3,1
"1328",1,1
"1329",1,1
"1330",1,1
"1331",NA,NA
"1332",2,1
"1333",NA,NA
"1334",NA,NA
"1335",1,1
"1336",1,1
"1337",1,1
"1338",1,1
"1339",4,2
"1340",1,1
"1341",2,1
"1342",1,2
"1343",1,1
"1344",NA,NA
"1345",1,1
"1346",1,1
"1347",1,1
"1348",NA,NA
"1349",1,1
"1350",1,1
"1351",2,1
"1352",1,1
"1353",1,1
"1354",NA,NA
"1355",1,1
"1356",NA,NA
"1357",2,1
"1358",NA,NA
"1359",1,1
"1360",1,1
"1361",1,1
"1362",1,1
"1363",1,1
"1364",1,3
"1365",1,1
"1366",1,1
"1367",1,1
"1368",2,2
"1369",1,1
"1370",2,1
"1371",1,1
"1372",1,1
"1373",1,1
"1374",3,2
"1375",NA,NA
"1376",1,1
"1377",1,1
"1378",1,1
"1379",1,1
"1380",1,1
"1381",NA,NA
"1382",1,1
"1383",NA,NA
"1384",1,4
"1385",1,1
"1386",1,1
"1387",1,1
"1388",2,1
"1389",1,1
"1390",1,1
"1391",1,1
"1392",NA,NA
"1393",1,1
"1394",1,1
"1395",1,1
"1396",1,1
"1397",NA,NA
"1398",1,1
"1399",1,1
"1400",4,2
"1401",NA,NA
"1402",2,2
"1403",NA,NA
"1404",1,1
"1405",1,1
"1406",1,1
"1407",1,1
"1408",1,1
"1409",2,2
"1410",NA,NA
"1411",NA,NA
"1412",2,1
"1413",NA,NA
"1414",NA,NA
"1415",1,1
"1416",1,1
"1417",1,1
"1418",1,1
"1419",NA,NA
"1420",1,1
"1421",1,1
"1422",2,1
"1423",1,1
"1424",1,1
"1425",1,1
"1426",1,1
"1427",1,1
"1428",NA,NA
"1429",1,1
"1430",NA,NA
"1431",1,1
"1432",1,1
"1433",NA,NA
"1434",3,1
"1435",1,1
"1436",1,1
"1437",1,1
"1438",1,1
"1439",1,1
"1440",1,1
"1441",1,1
"1442",1,1
"1443",2,1
"1444",1,1
"1445",1,2
"1446",4,1
"1447",NA,NA
"1448",1,1
"1449",1,1
"1450",1,1
"1451",2,2
"1452",4,2
"1453",1,1
"1454",NA,NA
"1455",1,1
"1456",1,1
"1457",2,1
"1458",NA,NA
"1459",1,1
"1460",1,1
"1461",2,2
"1462",1,1
"1463",1,1
"1464",2,1
"1465",1,1
"1466",1,1
"1467",1,1
"1468",1,1
"1469",1,1
"1470",NA,NA
"1471",1,1
"1472",3,1
"1473",1,1
"1474",1,1
"1475",1,1
"1476",2,1
"1477",1,1
"1478",NA,NA
"1479",1,1
"1480",1,1
"1481",1,1
"1482",NA,NA
"1483",1,1
"1484",1,1
"1485",1,NA
"1486",1,1
"1487",NA,NA
"1488",2,1
"1489",2,1
"1490",1,1
"1491",1,1
"1492",1,1
"1493",1,1
"1494",NA,NA
"1495",2,1
"1496",1,1
"1497",NA,NA
"1498",NA,NA
"1499",2,1
"1500",NA,NA
"1501",1,1
"1502",1,1
"1503",NA,NA
"1504",NA,NA
"1505",1,1
"1506",1,1
"1507",NA,NA
"1508",2,1
"1509",1,1
"1510",1,1
"1511",2,1
"1512",1,1
"1513",NA,NA
"1514",1,1
"1515",1,1
"1516",1,1
"1517",3,1
"1518",NA,NA
"1519",1,1
"1520",3,1
"1521",1,1
"1522",NA,NA
"1523",1,1
"1524",NA,NA
"1525",1,1
"1526",2,1
"1527",1,1
"1528",NA,NA
"1529",2,1
"1530",1,1
"1531",NA,NA
"1532",1,1
"1533",1,1
"1534",1,1
"1535",NA,NA
"1536",NA,NA
"1537",NA,NA
"1538",2,1
"1539",2,1
"1540",NA,NA
"1541",1,1
"1542",1,1
"1543",1,1
"1544",2,2
"1545",1,1
"1546",1,1
"1547",1,1
"1548",2,1
"1549",NA,NA
"1550",1,1
"1551",1,1
"1552",1,1
"1553",1,1
"1554",1,NA
"1555",1,1
"1556",1,1
"1557",1,1
"1558",1,1
"1559",1,1
"1560",1,1
"1561",3,2
"1562",3,1
"1563",1,1
"1564",NA,NA
"1565",2,1
"1566",NA,NA
"1567",1,1
"1568",NA,NA
"1569",1,1
"1570",1,1
"1571",1,1
"1572",1,1
"1573",1,1
"1574",NA,NA
"1575",2,1
"1576",1,1
"1577",1,1
"1578",2,1
"1579",1,1
"1580",1,1
"1581",NA,NA
"1582",1,1
"1583",NA,NA
"1584",2,1
"1585",1,1
"1586",1,1
"1587",1,1
"1588",1,1
"1589",1,1
"1590",NA,NA
"1591",1,1
"1592",2,2
"1593",1,1
"1594",1,1
"1595",NA,NA
"1596",1,1
"1597",2,1
"1598",1,1
"1599",1,1
"1600",1,1
"1601",1,1
"1602",NA,NA
"1603",1,1
"1604",1,1
"1605",NA,NA
"1606",1,1
"1607",NA,NA
"1608",2,1
"1609",1,1
"1610",1,1
"1611",1,1
"1612",2,1
"1613",1,1
"1614",1,1
"1615",1,1
"1616",NA,NA
"1617",1,1
"1618",1,1
"1619",1,1
"1620",1,1
"1621",4,1
"1622",NA,NA
"1623",1,1
"1624",NA,NA
"1625",1,1
"1626",1,1
"1627",1,1
"1628",NA,NA
"1629",1,1
"1630",1,1
"1631",1,1
"1632",2,1
"1633",1,1
"1634",1,1
"1635",2,1
"1636",1,1
"1637",NA,NA
"1638",NA,NA
"1639",1,1
"1640",2,1
"1641",2,1
"1642",1,1
"1643",1,1
"1644",2,1
"1645",1,1
"1646",1,2
"1647",1,1
"1648",NA,NA
"1649",1,1
"1650",2,2
"1651",2,2
"1652",NA,NA
"1653",1,1
"1654",3,2
"1655",NA,NA
"1656",1,1
"1657",1,1
"1658",1,1
"1659",1,1
"1660",NA,NA
"1661",1,1
"1662",1,1
"1663",1,1
"1664",1,1
"1665",1,1
"1666",1,1
"1667",1,1
"1668",2,1
"1669",NA,2
"1670",2,1
"1671",1,1
"1672",1,1
"1673",1,1
"1674",2,1
"1675",NA,NA
"1676",4,4
"1677",2,1
"1678",2,1
"1679",NA,NA
"1680",NA,NA
"1681",1,1
"1682",2,1
"1683",1,1
"1684",NA,NA
"1685",1,1
"1686",NA,NA
"1687",NA,NA
"1688",NA,NA
"1689",1,1
"1690",2,1
"1691",1,1
"1692",NA,NA
"1693",2,1
"1694",1,1
"1695",NA,NA
"1696",NA,NA
"1697",NA,NA
"1698",1,1
"1699",1,1
"1700",1,1
"1701",1,1
"1702",3,1
"1703",NA,NA
"1704",1,1
"1705",2,1
"1706",2,1
"1707",NA,NA
"1708",1,1
"1709",1,1
"1710",1,1
"1711",1,1
"1712",2,2
"1713",1,1
"1714",1,1
"1715",1,1
"1716",NA,NA
"1717",1,1
"1718",1,1
"1719",1,1
"1720",1,1
"1721",1,1
"1722",1,1
"1723",1,2
"1724",1,1
"1725",1,1
"1726",1,NA
"1727",NA,NA
"1728",1,1
"1729",1,1
"1730",1,1
"1731",NA,NA
"1732",1,1
"1733",1,1
"1734",1,1
"1735",NA,NA
"1736",1,1
"1737",1,1
"1738",1,1
"1739",NA,NA
"1740",1,NA
"1741",NA,NA
"1742",2,1
"1743",NA,NA
"1744",NA,NA
"1745",1,1
"1746",1,1
"1747",NA,NA
"1748",1,1
"1749",1,1
"1750",1,1
"1751",NA,NA
"1752",1,1
"1753",1,1
"1754",1,1
"1755",NA,NA
"1756",1,1
"1757",1,1
"1758",1,1
"1759",1,1
"1760",1,1
"1761",NA,NA
"1762",NA,NA
"1763",NA,NA
"1764",NA,NA
"1765",NA,NA
"1766",3,1
"1767",1,1
"1768",1,1
"1769",NA,NA
"1770",1,1
"1771",1,1
"1772",1,1
"1773",4,1
"1774",2,2
"1775",1,1
"1776",1,1
"1777",NA,NA
"1778",1,1
"1779",1,1
"1780",2,2
"1781",1,1
"1782",NA,NA
"1783",2,1
"1784",1,1
"1785",1,1
"1786",2,2
"1787",1,1
"1788",2,1
"1789",3,2
"1790",1,2
"1791",1,2
"1792",1,1
"1793",2,2
"1794",1,1
"1795",1,1
"1796",1,1
"1797",1,1
"1798",NA,NA
"1799",1,1
"1800",NA,NA
"1801",1,1
"1802",1,1
"1803",1,1
"1804",1,1
"1805",1,1
"1806",NA,NA
"1807",NA,NA
"1808",NA,NA
"1809",1,1
"1810",1,1
"1811",1,2
"1812",NA,NA
"1813",NA,NA
"1814",1,1
"1815",NA,NA
"1816",1,1
"1817",3,3
"1818",1,1
"1819",1,1
"1820",NA,NA
"1821",1,1
"1822",NA,NA
"1823",1,1
"1824",2,2
"1825",1,1
"1826",1,1
"1827",1,2
"1828",1,1
"1829",NA,NA
"1830",NA,NA
"1831",NA,NA
"1832",1,1
"1833",1,1
"1834",NA,NA
"1835",NA,NA
"1836",1,1
"1837",NA,NA
"1838",NA,NA
"1839",1,1
"1840",1,1
"1841",1,2
"1842",2,1
"1843",1,1
"1844",1,1
"1845",1,1
"1846",NA,NA
"1847",1,1
"1848",1,1
"1849",1,1
"1850",NA,NA
"1851",1,1
"1852",1,1
"1853",1,1
"1854",1,1
"1855",1,1
"1856",NA,NA
"1857",1,1
"1858",1,NA
"1859",2,1
"1860",1,1
"1861",1,1
"1862",2,1
"1863",2,1
"1864",1,1
"1865",2,2
"1866",1,1
"1867",2,2
"1868",1,1
"1869",1,1
"1870",1,1
"1871",NA,NA
"1872",1,1
"1873",NA,NA
"1874",2,1
"1875",1,1
"1876",1,1
"1877",1,1
"1878",1,2
"1879",1,2
"1880",1,2
"1881",NA,NA
"1882",NA,NA
"1883",2,1
"1884",1,1
"1885",1,2
"1886",1,1
"1887",1,1
"1888",1,1
"1889",1,1
"1890",NA,NA
"1891",1,1
"1892",1,1
"1893",1,1
"1894",1,2
"1895",1,1
"1896",2,1
"1897",3,1
"1898",1,1
"1899",NA,NA
"1900",1,1
"1901",1,1
"1902",1,1
"1903",2,2
"1904",2,2
"1905",1,1
"1906",1,1
"1907",NA,NA
"1908",1,1
"1909",NA,NA
"1910",1,1
"1911",1,1
"1912",4,1
"1913",1,3
"1914",1,2
"1915",1,1
"1916",NA,NA
"1917",NA,NA
"1918",NA,NA
"1919",NA,NA
"1920",NA,NA
"1921",NA,NA
"1922",1,1
"1923",1,1
"1924",1,1
"1925",NA,NA
"1926",NA,NA
"1927",1,1
"1928",NA,NA
"1929",1,1
"1930",3,1
"1931",2,NA
"1932",NA,NA
"1933",1,1
"1934",2,1
"1935",1,1
"1936",1,1
"1937",1,2
"1938",1,1
"1939",2,1
"1940",NA,NA
"1941",2,1
"1942",1,1
"1943",1,1
"1944",1,1
"1945",NA,NA
"1946",1,1
"1947",NA,NA
"1948",1,1
"1949",2,1
"1950",1,1
"1951",1,1
"1952",1,1
"1953",1,1
"1954",1,1
"1955",1,1
"1956",2,1
"1957",1,1
"1958",1,1
"1959",1,1
"1960",NA,NA
"1961",1,2
"1962",1,1
"1963",2,1
"1964",NA,NA
"1965",1,1
"1966",1,1
"1967",NA,NA
"1968",NA,NA
"1969",3,2
"1970",NA,NA
"1971",1,1
"1972",1,1
"1973",2,1
"1974",2,1
"1975",2,1
"1976",2,1
"1977",NA,NA
"1978",1,1
"1979",1,1
"1980",NA,NA
"1981",1,1
"1982",1,1
"1983",4,2
"1984",NA,NA
"1985",1,1
"1986",3,1
"1987",1,1
"1988",1,1
"1989",1,1
"1990",1,1
"1991",1,1
"1992",1,1
"1993",1,1
"1994",1,1
"1995",1,1
"1996",1,1
"1997",1,1
"1998",NA,NA
"1999",1,1
"2000",1,1
"2001",4,3
"2002",1,1
"2003",1,1
"2004",NA,NA
"2005",2,NA
"2006",1,1
"2007",NA,NA
"2008",NA,NA
"2009",NA,NA
"2010",1,1
"2011",NA,NA
"2012",1,1
"2013",NA,NA
"2014",1,1
"2015",1,1
"2016",1,1
"2017",2,1
"2018",1,1
"2019",1,1
"2020",1,1
"2021",NA,NA
"2022",1,1
"2023",2,1
"2024",1,1
"2025",NA,NA
"2026",2,2
"2027",NA,NA
"2028",1,1
"2029",1,1
"2030",NA,NA
"2031",1,1
"2032",NA,NA
"2033",1,4
"2034",1,1
"2035",NA,NA
"2036",1,1
"2037",1,1
"2038",NA,NA
"2039",1,1
"2040",1,1
"2041",1,1
"2042",1,1
"2043",1,1
"2044",1,1
"2045",1,1
"2046",2,1
"2047",NA,NA
"2048",NA,NA
"2049",1,1
"2050",NA,NA
"2051",1,1
"2052",NA,NA
"2053",1,1
"2054",1,1
"2055",1,1
"2056",1,1
"2057",1,1
"2058",1,1
"2059",2,1
"2060",1,1
"2061",NA,NA
"2062",4,1
"2063",NA,NA
"2064",1,1
"2065",NA,NA
"2066",NA,NA
"2067",1,2
"2068",1,1
"2069",1,1
"2070",1,1
"2071",1,1
"2072",1,1
"2073",NA,NA
"2074",2,1
"2075",1,1
"2076",1,1
"2077",NA,NA
"2078",1,1
"2079",1,2
"2080",1,1
"2081",1,1
"2082",NA,NA
"2083",1,1
"2084",1,2
"2085",1,1
"2086",4,2
"2087",2,1
"2088",2,1
"2089",NA,NA
"2090",1,1
"2091",1,1
"2092",1,1
"2093",1,1
"2094",1,1
"2095",1,1
"2096",NA,NA
"2097",1,1
"2098",2,1
"2099",2,1
"2100",NA,NA
"2101",1,1
"2102",4,2
"2103",NA,NA
"2104",NA,NA
"2105",1,1
"2106",3,1
"2107",NA,NA
"2108",1,1
"2109",1,1
"2110",1,1
"2111",1,1
"2112",1,1
"2113",NA,NA
"2114",NA,NA
"2115",NA,NA
"2116",NA,NA
"2117",1,1
"2118",1,1
"2119",1,1
"2120",1,1
"2121",1,1
"2122",1,1
"2123",2,1
"2124",1,1
"2125",3,2
"2126",4,3
"2127",1,1
"2128",1,1
"2129",1,1
"2130",1,1
"2131",1,1
"2132",1,1
"2133",1,1
"2134",1,1
"2135",1,1
"2136",1,1
"2137",NA,NA
"2138",NA,NA
"2139",NA,NA
"2140",1,1
"2141",1,1
"2142",4,1
"2143",1,1
"2144",1,1
"2145",NA,NA
"2146",1,1
"2147",3,1
"2148",1,1
"2149",2,1
"2150",1,1
"2151",1,1
"2152",NA,NA
"2153",NA,NA
"2154",1,1
"2155",1,1
"2156",NA,NA
"2157",NA,NA
"2158",1,1
"2159",2,2
"2160",1,1
"2161",NA,NA
"2162",NA,NA
"2163",1,1
"2164",NA,NA
"2165",NA,NA
"2166",1,1
"2167",1,1
"2168",1,1
"2169",2,2
"2170",1,1
"2171",2,1
"2172",1,1
"2173",1,1
"2174",1,1
"2175",1,2
"2176",1,1
"2177",1,1
"2178",1,1
"2179",2,1
"2180",1,1
"2181",1,1
"2182",NA,NA
"2183",1,1
"2184",2,1
"2185",1,1
"2186",2,2
"2187",NA,NA
"2188",NA,NA
"2189",NA,NA
"2190",1,1
"2191",1,1
"2192",2,1
"2193",1,1
"2194",NA,NA
"2195",1,1
"2196",1,1
"2197",NA,NA
"2198",NA,NA
"2199",1,1
"2200",NA,NA
"2201",3,2
"2202",1,1
"2203",1,1
"2204",NA,NA
"2205",1,2
"2206",3,2
"2207",1,1
"2208",1,1
"2209",1,1
"2210",1,1
"2211",1,1
"2212",1,1
"2213",1,1
"2214",NA,NA
"2215",NA,NA
"2216",1,1
"2217",NA,NA
"2218",1,1
"2219",1,1
"2220",1,2
"2221",1,1
"2222",1,1
"2223",2,1
"2224",1,1
"2225",2,1
"2226",1,1
"2227",1,1
"2228",1,1
"2229",1,1
"2230",1,2
"2231",1,1
"2232",2,1
"2233",1,1
"2234",NA,NA
"2235",NA,NA
"2236",1,1
"2237",1,1
"2238",NA,NA
"2239",2,1
"2240",1,1
"2241",1,1
"2242",1,1
"2243",1,1
"2244",1,1
"2245",NA,NA
"2246",1,1
"2247",1,1
"2248",2,1
"2249",1,1
"2250",4,2
"2251",NA,NA
"2252",2,1
"2253",1,1
"2254",2,1
"2255",1,1
"2256",NA,NA
"2257",1,1
"2258",NA,NA
"2259",NA,NA
"2260",2,2
"2261",1,2
"2262",1,1
"2263",4,4
"2264",1,1
"2265",3,1
"2266",2,1
"2267",1,1
"2268",NA,NA
"2269",1,1
"2270",1,1
"2271",2,1
"2272",NA,NA
"2273",2,1
"2274",1,2
"2275",1,1
"2276",1,1
"2277",NA,NA
"2278",1,1
"2279",1,1
"2280",2,1
"2281",1,1
"2282",1,1
"2283",1,1
"2284",2,1
"2285",1,1
"2286",1,1
"2287",1,1
"2288",1,1
"2289",1,1
"2290",2,2
"2291",1,1
"2292",1,1
"2293",NA,NA
"2294",2,1
"2295",2,1
"2296",2,1
"2297",4,2
"2298",3,1
"2299",2,1
"2300",NA,NA
"2301",2,2
"2302",1,1
"2303",1,1
"2304",1,1
"2305",1,1
"2306",NA,NA
"2307",1,1
"2308",NA,NA
"2309",NA,NA
"2310",NA,NA
"2311",1,1
"2312",1,1
"2313",NA,NA
"2314",1,1
"2315",1,2
"2316",1,1
"2317",1,1
"2318",1,1
"2319",1,1
"2320",1,1
"2321",2,1
"2322",1,1
"2323",1,1
"2324",1,1
"2325",1,1
"2326",1,1
"2327",2,1
"2328",1,1
"2329",1,1
"2330",1,1
"2331",2,1
"2332",4,2
"2333",1,1
"2334",1,1
"2335",NA,NA
"2336",1,1
"2337",2,1
"2338",NA,NA
"2339",1,1
"2340",1,1
"2341",3,3
"2342",NA,NA
"2343",1,1
"2344",1,1
"2345",1,1
"2346",NA,NA
"2347",1,1
"2348",1,1
"2349",1,1
"2350",NA,NA
"2351",1,1
"2352",NA,NA
"2353",2,2
"2354",NA,NA
"2355",4,3
"2356",NA,NA
"2357",2,1
"2358",1,1
"2359",1,2
"2360",1,1
"2361",1,1
"2362",1,1
"2363",NA,NA
"2364",2,1
"2365",NA,NA
"2366",1,1
"2367",2,2
"2368",1,1
"2369",1,1
"2370",1,1
"2371",1,1
"2372",NA,NA
"2373",1,1
"2374",1,1
"2375",NA,NA
"2376",3,1
"2377",2,1
"2378",1,1
"2379",1,1
"2380",1,1
"2381",NA,NA
"2382",2,1
"2383",NA,NA
"2384",NA,NA
"2385",1,1
"2386",1,1
"2387",1,1
"2388",1,1
"2389",NA,NA
"2390",1,1
"2391",1,2
"2392",1,1
"2393",1,1
"2394",NA,NA
"2395",1,1
"2396",NA,NA
"2397",NA,NA
"2398",1,1
"2399",NA,NA
"2400",1,1
"2401",1,1
"2402",1,1
"2403",NA,NA
"2404",1,1
"2405",NA,NA
"2406",NA,NA
"2407",2,1
"2408",NA,NA
"2409",1,1
"2410",NA,NA
"2411",1,1
"2412",NA,NA
"2413",1,1
"2414",1,1
"2415",1,1
"2416",1,1
"2417",1,1
"2418",1,1
"2419",NA,NA
"2420",1,1
"2421",1,1
"2422",1,1
"2423",NA,NA
"2424",1,1
"2425",2,1
"2426",NA,NA
"2427",1,1
"2428",2,1
"2429",1,1
"2430",1,1
"2431",2,2
"2432",1,1
"2433",1,1
"2434",1,1
"2435",1,3
"2436",NA,NA
"2437",1,1
"2438",1,1
"2439",1,1
"2440",1,1
"2441",1,1
"2442",1,1
"2443",NA,NA
"2444",1,1
"2445",1,1
"2446",2,1
"2447",2,1
"2448",1,1
"2449",NA,NA
"2450",3,2
"2451",NA,NA
"2452",1,1
"2453",1,1
"2454",1,1
"2455",1,1
"2456",1,2
"2457",1,1
"2458",2,1
"2459",1,1
"2460",1,1
"2461",1,1
"2462",2,1
"2463",1,1
"2464",NA,NA
"2465",1,1
"2466",1,1
"2467",NA,NA
"2468",NA,NA
"2469",1,1
"2470",1,1
"2471",1,1
"2472",NA,NA
"2473",1,1
"2474",NA,NA
"2475",2,1
"2476",1,1
"2477",2,1
"2478",NA,NA
"2479",1,1
"2480",1,1
"2481",1,1
"2482",1,1
"2483",1,1
"2484",1,1
"2485",1,1
"2486",1,1
"2487",1,1
"2488",1,1
"2489",1,1
"2490",NA,NA
"2491",NA,NA
"2492",1,2
"2493",2,2
"2494",NA,NA
"2495",1,1
"2496",1,1
"2497",1,1
"2498",NA,NA
"2499",1,1
"2500",1,1
"2501",2,1
"2502",NA,NA
"2503",2,1
"2504",2,1
"2505",NA,NA
"2506",1,1
"2507",1,1
"2508",NA,NA
"2509",1,1
"2510",1,1
"2511",1,1
"2512",1,1
"2513",1,1
"2514",1,1
"2515",1,1
"2516",1,1
"2517",NA,NA
"2518",2,1
"2519",1,1
"2520",1,1
"2521",1,1
"2522",2,1
"2523",NA,NA
"2524",1,1
"2525",1,1
"2526",1,1
"2527",NA,NA
"2528",1,1
"2529",1,1
"2530",1,1
"2531",1,1
"2532",1,1
"2533",1,1
"2534",2,1
"2535",1,1
"2536",1,1
"2537",NA,NA
"2538",2,1
"2539",NA,NA
"2540",1,1
"2541",1,1
"2542",1,1
"2543",NA,1
"2544",1,1
"2545",NA,NA
"2546",1,1
"2547",4,4
"2548",2,1
"2549",1,1
"2550",2,3
"2551",2,1
"2552",1,1
"2553",2,2
"2554",1,1
"2555",1,1
"2556",NA,NA
"2557",1,1
"2558",NA,NA
"2559",1,1
"2560",2,1
"2561",1,1
"2562",2,1
"2563",1,1
"2564",1,1
"2565",2,1
"2566",2,1
"2567",2,1
"2568",1,1
"2569",3,1
"2570",1,1
"2571",1,1
"2572",NA,NA
"2573",1,1
"2574",1,1
"2575",1,1
"2576",1,1
"2577",1,1
"2578",1,1
"2579",NA,NA
"2580",NA,NA
"2581",2,1
"2582",NA,NA
"2583",1,2
"2584",1,1
"2585",1,1
"2586",1,1
"2587",1,1
"2588",1,1
"2589",1,1
"2590",NA,NA
"2591",1,1
"2592",1,1
"2593",1,1
"2594",NA,NA
"2595",1,1
"2596",NA,NA
"2597",NA,NA
"2598",1,1
"2599",NA,NA
"2600",1,1
"2601",NA,NA
"2602",1,1
"2603",NA,NA
"2604",NA,NA
"2605",NA,NA
"2606",1,1
"2607",1,1
"2608",1,1
"2609",1,1
"2610",2,1
"2611",NA,NA
"2612",1,1
"2613",1,1
"2614",1,1
"2615",1,1
"2616",1,1
"2617",1,1
"2618",1,1
"2619",1,1
"2620",1,1
"2621",1,1
"2622",4,1
"2623",1,1
"2624",1,2
"2625",1,1
"2626",1,1
"2627",4,1
"2628",1,1
"2629",1,1
"2630",1,1
"2631",2,1
"2632",3,1
"2633",NA,NA
"2634",1,1
"2635",1,2
"2636",3,1
"2637",1,1
"2638",NA,NA
"2639",1,1
"2640",1,1
"2641",1,1
"2642",2,2
"2643",1,1
"2644",NA,NA
"2645",2,1
"2646",1,1
"2647",NA,NA
"2648",1,1
"2649",1,1
"2650",1,1
"2651",1,1
"2652",1,1
"2653",NA,NA
"2654",NA,NA
"2655",1,1
"2656",1,1
"2657",NA,NA
"2658",4,2
"2659",1,1
"2660",1,1
"2661",1,1
"2662",2,2
"2663",2,2
"2664",2,1
"2665",NA,NA
"2666",1,1
"2667",NA,NA
"2668",4,1
"2669",1,1
"2670",NA,NA
"2671",2,1
"2672",1,1
"2673",1,1
"2674",1,1
"2675",NA,NA
"2676",NA,NA
"2677",1,1
"2678",1,1
"2679",1,1
"2680",1,1
"2681",NA,NA
"2682",1,1
"2683",3,2
"2684",NA,NA
"2685",1,1
"2686",NA,NA
"2687",1,1
"2688",1,1
"2689",1,1
"2690",1,1
"2691",1,1
"2692",NA,NA
"2693",1,1
"2694",1,1
"2695",2,1
"2696",2,1
"2697",1,1
"2698",2,1
"2699",1,1
"2700",1,1
"2701",1,1
"2702",2,2
"2703",1,1
"2704",1,1
"2705",1,1
"2706",1,1
"2707",2,1
"2708",NA,NA
"2709",2,1
"2710",1,1
"2711",1,1
"2712",1,1
"2713",NA,NA
"2714",1,1
"2715",1,1
"2716",3,2
"2717",3,1
"2718",NA,NA
"2719",1,1
"2720",1,1
"2721",NA,NA
"2722",2,1
"2723",1,1
"2724",1,1
"2725",NA,NA
"2726",2,2
"2727",1,1
"2728",1,1
"2729",1,1
"2730",1,1
"2731",1,1
"2732",1,1
"2733",NA,NA
"2734",1,1
"2735",1,1
"2736",1,1
"2737",1,1
"2738",2,1
"2739",1,2
"2740",2,1
"2741",NA,NA
"2742",NA,NA
"2743",3,1
"2744",NA,NA
"2745",3,2
"2746",2,2
"2747",1,1
"2748",1,1
"2749",NA,NA
"2750",4,3
"2751",1,1
"2752",NA,NA
"2753",NA,NA
"2754",1,1
"2755",1,1
"2756",1,1
"2757",NA,NA
"2758",2,1
"2759",2,2
"2760",1,1
"2761",3,2
"2762",NA,NA
"2763",4,2
"2764",NA,NA
"2765",1,1
"2766",NA,NA
"2767",NA,NA
"2768",4,1
"2769",NA,NA
"2770",1,1
"2771",4,1
"2772",1,1
"2773",NA,NA
"2774",NA,NA
"2775",1,1
"2776",1,1
"2777",4,2
"2778",1,1
"2779",1,1
"2780",2,1
"2781",NA,NA
"2782",1,1
"2783",2,1
"2784",2,1
"2785",3,1
"2786",NA,NA
"2787",1,1
"2788",1,1
"2789",1,1
"2790",1,1
"2791",1,1
"2792",1,1
"2793",1,2
"2794",1,1
"2795",NA,NA
"2796",1,1
"2797",1,1
"2798",3,1
"2799",1,1
"2800",1,1
"2801",NA,NA
"2802",1,4
"2803",1,1
"2804",1,1
"2805",NA,NA
"2806",2,1
"2807",1,1
"2808",1,1
"2809",1,1
"2810",1,1
"2811",1,1
"2812",1,1
"2813",2,1
"2814",NA,NA
"2815",NA,NA
"2816",NA,NA
"2817",2,1
"2818",1,1
"2819",1,1
"2820",3,1
"2821",NA,NA
"2822",1,1
"2823",NA,NA
"2824",2,1
"2825",NA,NA
"2826",1,1
"2827",1,1
"2828",2,1
"2829",1,1
"2830",NA,NA
"2831",NA,NA
"2832",NA,NA
"2833",1,1
"2834",NA,NA
"2835",1,1
"2836",3,4
"2837",1,1
"2838",NA,NA
"2839",NA,NA
"2840",1,1
"2841",1,1
"2842",1,1
"2843",1,1
"2844",2,1
"2845",1,1
"2846",1,1
"2847",1,1
"2848",1,1
"2849",2,1
"2850",1,1
"2851",NA,NA
"2852",NA,NA
"2853",1,1
"2854",NA,NA
"2855",1,1
"2856",1,1
"2857",1,1
"2858",1,1
"2859",2,1
"2860",4,2
"2861",3,1
"2862",NA,NA
"2863",1,1
"2864",1,1
"2865",1,1
"2866",1,1
"2867",2,1
"2868",1,1
"2869",1,1
"2870",NA,NA
"2871",1,1
"2872",1,1
"2873",1,1
"2874",1,1
"2875",1,1
"2876",2,1
"2877",1,1
"2878",1,1
"2879",1,4
"2880",1,1
"2881",1,1
"2882",1,1
"2883",1,1
"2884",1,1
"2885",1,1
"2886",NA,NA
"2887",2,1
"2888",1,1
"2889",1,1
"2890",1,1
"2891",3,1
"2892",1,1
"2893",1,1
"2894",1,1
"2895",2,2
"2896",NA,NA
"2897",NA,NA
"2898",1,1
"2899",1,1
"2900",3,1
"2901",1,1
"2902",NA,NA
"2903",NA,NA
"2904",1,1
"2905",1,1
"2906",1,1
"2907",1,1
"2908",1,1
"2909",1,1
"2910",1,1
"2911",1,1
"2912",2,1
"2913",3,3
"2914",1,1
"2915",1,1
"2916",1,1
"2917",1,1
"2918",1,1
"2919",1,1
"2920",3,1
"2921",1,1
"2922",1,4
"2923",1,1
"2924",1,1
"2925",1,1
"2926",1,1
"2927",1,1
"2928",1,1
"2929",NA,NA
"2930",2,1
"2931",2,1
"2932",NA,NA
"2933",1,2
"2934",1,1
"2935",NA,NA
"2936",1,1
"2937",NA,NA
"2938",1,1
"2939",NA,NA
"2940",1,1
"2941",NA,NA
"2942",1,1
"2943",1,1
"2944",NA,NA
"2945",NA,NA
"2946",1,1
"2947",2,1
"2948",1,1
"2949",2,1
"2950",1,1
"2951",2,1
"2952",1,1
"2953",1,1
"2954",1,1
"2955",2,1
"2956",1,1
"2957",NA,NA
"2958",NA,NA
"2959",NA,NA
"2960",2,1
"2961",NA,NA
"2962",1,1
"2963",NA,NA
"2964",NA,NA
"2965",1,1
"2966",1,1
"2967",2,1
"2968",1,1
"2969",1,1
"2970",2,1
"2971",NA,NA
"2972",NA,NA
"2973",NA,NA
"2974",NA,NA
"2975",1,1
"2976",1,1
"2977",1,1
"2978",1,1
"2979",NA,NA
"2980",1,1
"2981",1,1
"2982",1,1
"2983",1,1
"2984",1,1
"2985",1,1
"2986",1,1
"2987",1,1
"2988",1,1
"2989",1,1
"2990",4,1
"2991",1,1
"2992",1,1
"2993",NA,NA
"2994",1,1
"2995",1,1
"2996",1,1
"2997",1,1
"2998",1,1
"2999",3,1
"3000",NA,NA
"3001",NA,NA
"3002",NA,NA
"3003",1,1
"3004",NA,NA
"3005",1,1
"3006",1,1
"3007",NA,NA
"3008",1,1
"3009",1,1
"3010",NA,NA
"3011",1,1
"3012",2,1
"3013",NA,NA
"3014",1,1
"3015",1,1
"3016",1,1
"3017",2,1
"3018",2,2
"3019",2,1
"3020",NA,NA
"3021",1,1
"3022",1,1
"3023",NA,NA
"3024",1,1
"3025",1,1
"3026",1,1
"3027",1,1
"3028",1,1
"3029",2,1
"3030",1,1
"3031",1,1
"3032",NA,NA
"3033",1,1
"3034",1,1
"3035",NA,NA
"3036",1,1
"3037",1,1
"3038",1,1
"3039",1,1
"3040",1,1
"3041",3,1
"3042",NA,NA
"3043",4,2
"3044",2,1
"3045",1,1
"3046",1,1
"3047",2,1
"3048",1,NA
"3049",1,1
"3050",1,1
"3051",3,1
"3052",2,1
"3053",1,1
"3054",NA,NA
"3055",1,1
"3056",1,1
"3057",NA,NA
"3058",3,2
"3059",1,NA
"3060",NA,NA
"3061",1,1
"3062",1,1
"3063",1,1
"3064",3,1
"3065",NA,NA
"3066",NA,NA
"3067",4,2
"3068",1,1
"3069",3,2
"3070",NA,NA
"3071",2,1
"3072",1,1
"3073",1,1
"3074",1,1
"3075",NA,NA
"3076",1,2
"3077",1,1
"3078",1,1
"3079",2,1
"3080",2,1
"3081",NA,NA
"3082",NA,NA
"3083",2,1
"3084",NA,NA
"3085",1,1
"3086",1,1
"3087",2,1
"3088",1,1
"3089",NA,NA
"3090",1,1
"3091",1,1
"3092",1,1
"3093",NA,1
"3094",1,1
"3095",1,1
"3096",NA,NA
"3097",NA,NA
"3098",1,1
"3099",2,1
"3100",1,1
"3101",1,1
"3102",1,1
"3103",1,1
"3104",1,1
"3105",NA,NA
"3106",2,2
"3107",NA,NA
"3108",1,1
"3109",1,1
"3110",1,1
"3111",1,1
"3112",3,1
"3113",1,1
"3114",1,1
"3115",1,1
"3116",1,1
"3117",NA,NA
"3118",2,1
"3119",NA,NA
"3120",NA,NA
"3121",1,1
"3122",1,1
"3123",1,1
"3124",1,1
"3125",1,1
"3126",1,1
"3127",3,2
"3128",NA,NA
"3129",NA,NA
"3130",3,1
"3131",1,1
"3132",NA,NA
"3133",1,1
"3134",NA,NA
"3135",1,1
"3136",1,1
"3137",1,1
"3138",NA,NA
"3139",1,1
"3140",NA,NA
"3141",3,2
"3142",3,2
"3143",1,1
"3144",2,1
"3145",1,NA
"3146",NA,NA
"3147",1,1
"3148",1,1
"3149",1,1
"3150",NA,NA
"3151",1,1
"3152",1,1
"3153",1,1
"3154",NA,NA
"3155",1,3
"3156",NA,NA
"3157",1,1
"3158",1,1
"3159",1,1
"3160",1,1
"3161",NA,NA
"3162",NA,NA
"3163",1,1
"3164",NA,NA
"3165",1,1
"3166",1,1
"3167",NA,NA
"3168",1,1
"3169",NA,NA
"3170",1,1
"3171",1,2
"3172",NA,NA
"3173",NA,NA
"3174",3,1
"3175",NA,NA
"3176",2,1
"3177",2,1
"3178",NA,NA
"3179",1,1
"3180",1,1
"3181",1,1
"3182",1,1
"3183",1,1
"3184",2,1
"3185",NA,NA
"3186",1,1
"3187",1,1
"3188",1,1
"3189",1,1
"3190",2,1
"3191",NA,NA
"3192",1,1
"3193",1,1
"3194",1,1
"3195",1,1
"3196",2,1
"3197",NA,NA
"3198",NA,NA
"3199",3,1
"3200",1,1
"3201",1,1
"3202",1,1
"3203",1,1
"3204",1,1
"3205",1,1
"3206",1,2
"3207",NA,NA
"3208",1,1
"3209",1,1
"3210",1,1
"3211",1,1
"3212",NA,NA
"3213",1,1
"3214",1,1
"3215",NA,NA
"3216",2,2
"3217",1,1
"3218",1,1
"3219",NA,NA
"3220",NA,NA
"3221",2,1
"3222",1,1
"3223",NA,NA
"3224",1,1
"3225",1,1
"3226",1,1
"3227",NA,NA
"3228",NA,NA
"3229",NA,NA
"3230",1,1
"3231",1,1
"3232",2,1
"3233",NA,NA
"3234",NA,NA
"3235",1,1
"3236",1,1
"3237",1,1
"3238",1,1
"3239",NA,NA
"3240",1,1
"3241",1,1
"3242",1,1
"3243",1,3
"3244",1,1
"3245",1,1
"3246",1,1
"3247",1,1
"3248",NA,NA
"3249",NA,NA
"3250",1,1
"3251",1,1
"3252",2,1
"3253",1,1
"3254",NA,NA
"3255",NA,NA
"3256",1,1
"3257",1,1
"3258",1,1
"3259",NA,NA
"3260",2,1
"3261",1,1
"3262",2,1
"3263",2,1
"3264",1,1
"3265",1,1
"3266",1,1
"3267",1,1
"3268",1,1
"3269",1,1
"3270",NA,NA
"3271",NA,NA
"3272",1,1
"3273",2,2
"3274",NA,NA
"3275",1,1
"3276",2,1
"3277",1,1
"3278",1,1
"3279",1,1
"3280",1,1
"3281",1,1
"3282",NA,NA
"3283",NA,NA
"3284",1,2
"3285",2,1
"3286",1,1
"3287",1,1
"3288",NA,NA
"3289",1,1
"3290",1,1
"3291",1,1
"3292",1,1
"3293",1,1
"3294",2,1
"3295",2,1
"3296",NA,NA
"3297",3,2
"3298",1,1
"3299",1,1
"3300",NA,NA
"3301",1,1
"3302",1,1
"3303",1,1
"3304",NA,NA
"3305",1,1
"3306",1,1
"3307",1,1
"3308",2,2
"3309",2,1
"3310",1,1
"3311",1,1
"3312",NA,NA
"3313",1,1
"3314",NA,NA
"3315",1,1
"3316",1,1
"3317",1,1
"3318",1,1
"3319",1,1
"3320",NA,NA
"3321",1,1
"3322",3,2
"3323",1,1
"3324",1,1
"3325",1,1
"3326",1,1
"3327",NA,NA
"3328",1,1
"3329",3,1
"3330",NA,NA
"3331",1,1
"3332",1,1
"3333",NA,NA
"3334",NA,NA
"3335",1,1
"3336",1,1
"3337",1,1
"3338",2,1
"3339",NA,NA
"3340",NA,NA
"3341",1,1
"3342",1,1
"3343",NA,NA
"3344",NA,NA
"3345",1,1
"3346",2,1
"3347",1,1
"3348",1,1
"3349",1,1
"3350",NA,NA
"3351",1,1
"3352",1,1
"3353",1,2
"3354",NA,NA
"3355",1,1
"3356",2,1
"3357",1,1
"3358",1,1
"3359",NA,NA
"3360",NA,NA
"3361",1,2
"3362",2,1
"3363",NA,NA
"3364",2,1
"3365",1,1
"3366",3,1
"3367",NA,NA
"3368",1,1
"3369",NA,NA
"3370",1,1
"3371",1,1
"3372",1,1
"3373",1,1
"3374",1,1
"3375",1,1
"3376",NA,NA
"3377",4,1
"3378",2,1
"3379",1,1
"3380",1,1
"3381",1,1
"3382",NA,NA
"3383",1,1
"3384",1,1
"3385",1,1
"3386",NA,NA
"3387",1,1
"3388",NA,NA
"3389",2,1
"3390",1,1
"3391",NA,NA
"3392",NA,NA
"3393",1,1
"3394",2,1
"3395",2,1
"3396",1,1
"3397",NA,NA
"3398",1,1
"3399",1,1
"3400",1,1
"3401",NA,NA
"3402",2,1
"3403",NA,NA
"3404",4,1
"3405",1,1
"3406",NA,NA
"3407",NA,NA
"3408",1,1
"3409",1,1
"3410",1,1
"3411",1,1
"3412",1,1
"3413",1,1
"3414",1,1
"3415",1,1
"3416",1,1
"3417",1,1
"3418",1,1
"3419",1,1
"3420",1,NA
"3421",1,1
"3422",2,1
"3423",1,1
"3424",NA,NA
"3425",NA,NA
"3426",3,1
"3427",NA,NA
"3428",1,1
"3429",1,1
"3430",4,4
"3431",NA,NA
"3432",1,1
"3433",1,1
"3434",NA,NA
"3435",1,1
"3436",1,1
"3437",1,1
"3438",1,1
"3439",1,1
"3440",2,1
"3441",1,1
"3442",1,1
"3443",2,1
"3444",NA,NA
"3445",1,1
"3446",NA,NA
"3447",1,1
"3448",1,1
"3449",NA,NA
"3450",1,1
"3451",NA,NA
"3452",1,1
"3453",1,1
"3454",1,1
"3455",2,1
"3456",NA,NA
"3457",1,1
"3458",1,1
"3459",1,1
"3460",2,2
"3461",NA,NA
"3462",1,1
"3463",1,1
"3464",1,1
"3465",NA,NA
"3466",1,1
"3467",1,1
"3468",1,1
"3469",1,1
"3470",2,1
"3471",2,1
"3472",1,1
"3473",1,1
"3474",NA,NA
"3475",1,1
"3476",1,1
"3477",NA,NA
"3478",1,1
"3479",1,1
"3480",2,1
"3481",1,1
"3482",2,1
"3483",NA,NA
"3484",1,1
"3485",1,1
"3486",1,1
"3487",1,1
"3488",1,1
"3489",2,1
"3490",NA,NA
"3491",2,1
"3492",3,1
"3493",NA,NA
"3494",1,2
"3495",NA,NA
"3496",1,1
"3497",2,1
"3498",NA,NA
"3499",NA,NA
"3500",NA,NA
"3501",NA,NA
"3502",2,2
"3503",1,1
"3504",1,1
"3505",1,1
"3506",2,1
"3507",2,1
"3508",1,2
"3509",2,1
"3510",1,2
"3511",4,1
"3512",NA,NA
"3513",NA,NA
"3514",1,1
"3515",1,1
"3516",1,1
"3517",1,1
"3518",NA,NA
"3519",1,1
"3520",NA,NA
"3521",1,1
"3522",1,1
"3523",1,1
"3524",1,1
"3525",NA,NA
"3526",1,1
"3527",1,1
"3528",1,1
"3529",NA,NA
"3530",1,1
"3531",NA,NA
"3532",1,1
"3533",NA,NA
"3534",NA,NA
"3535",4,2
"3536",1,1
"3537",1,1
"3538",NA,NA
"3539",1,1
"3540",NA,NA
"3541",2,1
"3542",1,1
"3543",1,1
"3544",NA,NA
"3545",1,1
"3546",2,1
"3547",2,2
"3548",3,1
"3549",1,1
"3550",3,3
"3551",1,1
"3552",NA,NA
"3553",1,1
"3554",1,1
"3555",NA,NA
"3556",1,1
"3557",NA,NA
"3558",2,1
"3559",NA,NA
"3560",3,1
"3561",1,1
"3562",1,1
"3563",1,1
"3564",1,1
"3565",1,1
"3566",1,1
"3567",1,1
"3568",1,1
"3569",NA,NA
"3570",NA,NA
"3571",NA,NA
"3572",1,1
"3573",NA,NA
"3574",1,1
"3575",2,1
"3576",NA,NA
"3577",4,1
"3578",NA,NA
"3579",1,1
"3580",1,1
"3581",1,1
"3582",1,1
"3583",NA,NA
"3584",NA,NA
"3585",2,1
"3586",2,1
"3587",NA,NA
"3588",2,2
"3589",1,1
"3590",1,1
"3591",2,1
"3592",1,1
"3593",2,1
"3594",NA,NA
"3595",3,1
"3596",2,1
"3597",1,1
"3598",1,1
"3599",1,3
"3600",NA,NA
"3601",1,1
"3602",1,1
"3603",1,1
"3604",NA,NA
"3605",1,1
"3606",1,1
"3607",1,1
"3608",NA,NA
"3609",NA,NA
"3610",1,1
"3611",2,1
"3612",NA,NA
"3613",NA,NA
"3614",4,2
"3615",2,1
"3616",1,1
"3617",2,1
"3618",2,1
"3619",1,1
"3620",1,1
"3621",2,1
"3622",1,1
"3623",NA,NA
"3624",NA,NA
"3625",NA,NA
"3626",2,2
"3627",1,1
"3628",2,2
"3629",1,1
"3630",NA,NA
"3631",1,1
"3632",1,1
"3633",1,1
"3634",1,1
"3635",NA,NA
"3636",1,1
"3637",1,1
"3638",1,1
"3639",1,1
"3640",NA,NA
"3641",1,1
"3642",1,1
"3643",2,2
"3644",NA,NA
"3645",2,1
"3646",1,1
"3647",NA,NA
"3648",2,1
"3649",1,1
"3650",1,1
"3651",1,2
"3652",1,1
"3653",3,1
"3654",1,1
"3655",NA,NA
"3656",1,1
"3657",NA,NA
"3658",2,1
"3659",1,1
"3660",NA,NA
"3661",1,1
"3662",NA,NA
"3663",NA,NA
"3664",1,1
"3665",1,1
"3666",1,1
"3667",1,1
"3668",1,1
"3669",NA,NA
"3670",NA,NA
"3671",1,1
"3672",1,1
"3673",2,2
"3674",1,1
"3675",1,1
"3676",1,1
"3677",1,1
"3678",1,1
"3679",1,1
"3680",1,1
"3681",NA,NA
"3682",1,1
"3683",2,1
"3684",NA,NA
"3685",NA,NA
"3686",1,1
"3687",1,1
"3688",1,1
"3689",NA,NA
"3690",NA,NA
"3691",1,1
"3692",2,1
"3693",1,2
"3694",1,1
"3695",1,1
"3696",1,1
"3697",2,1
"3698",2,1
"3699",1,1
"3700",1,1
"3701",1,1
"3702",1,1
"3703",4,4
"3704",1,1
"3705",NA,NA
"3706",1,1
"3707",1,1
"3708",1,1
"3709",NA,NA
"3710",2,1
"3711",1,1
"3712",NA,NA
"3713",1,1
"3714",1,1
"3715",1,1
"3716",1,1
"3717",1,1
"3718",NA,NA
"3719",NA,NA
"3720",1,1
"3721",NA,NA
"3722",1,1
"3723",2,1
"3724",1,1
"3725",1,1
"3726",2,1
"3727",NA,NA
"3728",1,1
"3729",3,1
"3730",1,1
"3731",1,1
"3732",1,1
"3733",3,1
"3734",1,1
"3735",1,1
"3736",NA,NA
"3737",NA,NA
"3738",1,1
"3739",1,1
"3740",NA,NA
"3741",1,1
"3742",1,1
"3743",1,1
"3744",1,1
"3745",NA,NA
"3746",1,1
"3747",3,2
"3748",1,1
"3749",1,1
"3750",1,1
"3751",2,2
"3752",4,4
"3753",1,1
"3754",1,2
"3755",NA,NA
"3756",1,1
"3757",1,1
"3758",1,1
"3759",1,1
"3760",NA,NA
"3761",1,1
"3762",1,1
"3763",NA,NA
"3764",1,1
"3765",1,1
"3766",1,1
"3767",NA,NA
"3768",NA,NA
"3769",1,1
"3770",NA,NA
"3771",2,1
"3772",1,1
"3773",1,1
"3774",1,1
"3775",1,1
"3776",NA,NA
"3777",2,1
"3778",1,1
"3779",1,1
"3780",1,1
"3781",1,2
"3782",NA,NA
"3783",1,1
"3784",NA,NA
"3785",2,1
"3786",1,1
"3787",1,1
"3788",2,1
"3789",1,1
"3790",1,1
"3791",1,1
"3792",1,1
"3793",1,1
"3794",1,1
"3795",2,1
"3796",NA,NA
"3797",NA,NA
"3798",1,1
"3799",1,1
"3800",1,1
"3801",NA,NA
"3802",1,1
"3803",NA,NA
"3804",NA,NA
"3805",1,1
"3806",1,1
"3807",4,1
"3808",1,1
"3809",1,1
"3810",1,1
"3811",NA,NA
"3812",2,1
"3813",NA,NA
"3814",2,1
"3815",NA,NA
"3816",1,1
"3817",2,1
"3818",1,1
"3819",NA,NA
"3820",NA,NA
"3821",1,1
"3822",1,1
"3823",1,1
"3824",2,1
"3825",NA,NA
"3826",2,1
"3827",2,1
"3828",1,1
"3829",1,1
"3830",1,1
"3831",1,1
"3832",NA,NA
"3833",NA,NA
"3834",3,1
"3835",1,1
"3836",1,1
"3837",1,1
"3838",NA,NA
"3839",1,1
"3840",1,1
"3841",1,1
"3842",1,1
"3843",1,1
"3844",1,1
"3845",1,1
"3846",NA,NA
"3847",NA,NA
"3848",1,1
"3849",2,1
"3850",1,1
"3851",1,1
"3852",NA,3
"3853",1,1
"3854",1,1
"3855",4,2
"3856",1,1
"3857",2,2
"3858",1,1
"3859",1,1
"3860",1,1
"3861",NA,NA
"3862",1,1
"3863",NA,NA
"3864",2,1
"3865",NA,NA
"3866",1,1
"3867",1,1
"3868",1,1
"3869",1,1
"3870",1,1
"3871",NA,NA
"3872",1,1
"3873",2,1
"3874",1,1
"3875",1,1
"3876",1,1
"3877",1,1
"3878",1,1
"3879",NA,NA
"3880",1,1
"3881",2,2
"3882",2,1
"3883",NA,NA
"3884",1,1
"3885",NA,NA
"3886",1,1
"3887",1,1
"3888",NA,NA
"3889",1,1
"3890",2,1
"3891",1,1
"3892",NA,NA
"3893",1,1
"3894",2,1
"3895",NA,NA
"3896",2,1
"3897",1,1
"3898",1,1
"3899",NA,NA
"3900",1,2
"3901",1,1
"3902",NA,NA
"3903",1,1
"3904",NA,NA
"3905",NA,NA
"3906",1,1
"3907",NA,NA
"3908",2,1
"3909",1,1
"3910",NA,NA
"3911",1,1
"3912",1,1
"3913",1,1
"3914",1,1
"3915",1,1
"3916",3,2
"3917",NA,NA
"3918",1,1
"3919",1,NA
"3920",1,1
"3921",1,1
"3922",3,1
"3923",1,1
"3924",1,1
"3925",1,1
"3926",2,1
"3927",1,1
"3928",1,1
"3929",NA,NA
"3930",1,1
"3931",1,1
"3932",1,1
"3933",NA,NA
"3934",1,1
"3935",NA,NA
"3936",3,1
"3937",1,1
"3938",1,1
"3939",1,1
"3940",3,2
"3941",NA,NA
"3942",1,1
"3943",1,1
"3944",1,1
"3945",1,3
"3946",NA,NA
"3947",NA,NA
"3948",NA,NA
"3949",1,1
"3950",NA,NA
"3951",1,1
"3952",1,1
"3953",NA,NA
"3954",1,1
"3955",NA,NA
"3956",3,1
"3957",1,1
"3958",4,1
"3959",NA,NA
"3960",NA,NA
"3961",1,1
"3962",1,1
"3963",1,1
"3964",1,1
"3965",2,NA
"3966",1,1
"3967",1,1
"3968",NA,NA
"3969",1,1
"3970",1,1
"3971",1,1
"3972",1,1
"3973",1,1
"3974",1,1
"3975",3,2
"3976",1,1
"3977",1,1
"3978",2,1
"3979",1,1
"3980",1,1
"3981",1,1
"3982",1,1
"3983",NA,NA
"3984",1,1
"3985",NA,NA
"3986",1,1
"3987",NA,NA
"3988",NA,NA
"3989",2,2
"3990",3,1
"3991",2,1
"3992",2,1
"3993",NA,NA
"3994",1,2
"3995",3,2
"3996",NA,NA
"3997",1,1
"3998",1,1
"3999",2,1
"4000",1,1
"4001",NA,NA
"4002",2,2
"4003",NA,NA
"4004",1,1
"4005",1,1
"4006",NA,NA
"4007",1,1
"4008",1,1
"4009",1,1
"4010",1,1
"4011",4,2
"4012",NA,NA
"4013",1,1
"4014",1,1
"4015",1,1
"4016",1,1
"4017",2,1
"4018",1,1
"4019",1,1
"4020",1,1
"4021",1,1
"4022",NA,NA
"4023",1,1
"4024",1,1
"4025",1,1
"4026",1,1
"4027",1,1
"4028",1,1
"4029",NA,NA
"4030",1,1
"4031",NA,NA
"4032",2,1
"4033",NA,NA
"4034",NA,NA
"4035",1,1
"4036",1,1
"4037",1,1
"4038",4,1
"4039",1,1
"4040",NA,NA
"4041",1,1
"4042",1,1
"4043",1,1
"4044",1,1
"4045",2,1
"4046",1,1
"4047",1,1
"4048",1,1
"4049",1,1
"4050",2,1
"4051",1,1
"4052",2,1
"4053",1,1
"4054",1,1
"4055",1,1
"4056",1,1
"4057",1,1
"4058",1,1
"4059",1,1
"4060",1,1
"4061",NA,NA
"4062",3,1
"4063",NA,NA
"4064",2,1
"4065",1,1
"4066",2,1
"4067",1,1
"4068",1,4
"4069",1,1
"4070",1,1
"4071",NA,NA
"4072",1,1
"4073",1,1
"4074",1,1
"4075",1,1
"4076",NA,NA
"4077",1,1
"4078",NA,NA
"4079",1,1
"4080",4,1
"4081",1,1
"4082",3,1
"4083",1,1
"4084",1,1
"4085",1,1
"4086",NA,NA
"4087",NA,NA
"4088",1,1
"4089",1,1
"4090",1,1
"4091",1,1
"4092",NA,NA
"4093",1,1
"4094",1,1
"4095",2,1
"4096",1,1
"4097",1,1
"4098",1,2
"4099",3,1
"4100",1,1
"4101",1,1
"4102",1,1
"4103",1,1
"4104",1,1
"4105",2,1
"4106",NA,NA
"4107",NA,NA
"4108",2,1
"4109",2,1
"4110",1,1
"4111",1,1
"4112",2,2
"4113",1,NA
"4114",1,1
"4115",1,1
"4116",1,1
"4117",1,1
"4118",1,1
"4119",1,1
"4120",1,1
"4121",1,1
"4122",1,1
"4123",1,1
"4124",1,1
"4125",1,1
"4126",1,1
"4127",1,1
"4128",1,3
"4129",1,1
"4130",1,1
"4131",1,1
"4132",1,1
"4133",1,1
"4134",3,1
"4135",1,1
"4136",NA,NA
"4137",1,1
"4138",1,1
"4139",NA,NA
"4140",1,1
"4141",NA,NA
"4142",1,1
"4143",1,1
"4144",1,1
"4145",NA,NA
"4146",4,1
"4147",2,1
"4148",1,1
"4149",2,1
"4150",NA,NA
"4151",NA,NA
"4152",1,1
"4153",1,1
"4154",NA,NA
"4155",1,1
"4156",3,1
"4157",1,1
"4158",NA,NA
"4159",1,1
"4160",1,1
"4161",1,1
"4162",1,1
"4163",2,1
"4164",1,1
"4165",1,1
"4166",1,1
"4167",1,1
"4168",1,1
"4169",1,1
"4170",1,1
"4171",2,1
"4172",2,1
"4173",1,1
"4174",1,1
"4175",1,1
"4176",NA,NA
"4177",NA,NA
"4178",2,1
"4179",2,2
"4180",1,1
"4181",NA,NA
"4182",1,1
"4183",1,1
"4184",NA,NA
"4185",1,1
"4186",NA,NA
"4187",1,1
"4188",1,1
"4189",2,1
"4190",1,1
"4191",1,1
"4192",NA,NA
"4193",1,1
"4194",1,1
"4195",1,1
"4196",1,1
"4197",1,1
"4198",1,1
"4199",1,1
"4200",2,1
"4201",1,1
"4202",2,1
"4203",2,1
"4204",3,2
"4205",2,1
"4206",1,1
"4207",2,2
"4208",1,1
"4209",1,1
"4210",2,1
"4211",NA,NA
"4212",1,1
"4213",NA,NA
"4214",1,1
"4215",1,1
"4216",NA,NA
"4217",1,1
"4218",2,2
"4219",NA,NA
"4220",1,1
"4221",1,1
"4222",1,1
"4223",1,1
"4224",1,1
"4225",1,1
"4226",NA,NA
"4227",2,1
"4228",1,1
"4229",2,1
"4230",NA,NA
"4231",NA,NA
"4232",1,1
"4233",1,1
"4234",1,1
"4235",NA,NA
"4236",NA,NA
"4237",1,1
"4238",2,4
"4239",2,1
"4240",1,1
"4241",1,1
"4242",1,1
"4243",1,NA
"4244",1,1
"4245",2,2
"4246",1,1
"4247",1,1
"4248",1,1
"4249",1,2
"4250",3,2
"4251",1,1
"4252",NA,NA
"4253",1,1
"4254",2,1
"4255",NA,NA
"4256",NA,NA
"4257",1,1
"4258",1,1
"4259",1,1
"4260",2,1
"4261",NA,NA
"4262",NA,NA
"4263",3,1
"4264",NA,NA
"4265",NA,NA
"4266",1,1
"4267",NA,NA
"4268",1,1
"4269",NA,NA
"4270",2,1
"4271",NA,NA
"4272",NA,NA
"4273",1,1
"4274",1,1
"4275",1,1
"4276",NA,NA
"4277",1,NA
"4278",1,1
"4279",NA,NA
"4280",NA,NA
"4281",1,1
"4282",1,1
"4283",1,1
"4284",NA,NA
"4285",1,1
"4286",NA,NA
"4287",NA,NA
"4288",1,1
"4289",1,1
"4290",1,1
"4291",1,1
"4292",1,1
"4293",NA,NA
"4294",1,1
"4295",1,1
"4296",1,1
"4297",2,1
"4298",2,2
"4299",1,1
"4300",1,1
"4301",3,1
"4302",3,3
"4303",2,1
"4304",1,1
"4305",3,1
"4306",NA,NA
"4307",NA,NA
"4308",1,1
"4309",1,1
"4310",NA,NA
"4311",NA,NA
"4312",1,1
"4313",1,1
"4314",2,1
"4315",NA,NA
"4316",NA,NA
"4317",1,1
"4318",1,1
"4319",NA,NA
"4320",1,1
"4321",1,1
"4322",1,1
"4323",1,1
"4324",NA,NA
"4325",1,1
"4326",1,1
"4327",1,1
"4328",1,1
"4329",1,1
"4330",NA,NA
"4331",1,2
"4332",NA,NA
"4333",NA,NA
"4334",1,1
"4335",1,1
"4336",1,1
"4337",1,1
"4338",NA,NA
"4339",1,1
"4340",NA,NA
"4341",1,1
"4342",1,1
"4343",1,1
"4344",1,1
"4345",2,1
"4346",NA,NA
"4347",2,1
"4348",1,1
"4349",1,1
"4350",1,1
"4351",2,1
"4352",NA,NA
"4353",1,1
"4354",NA,NA
"4355",1,1
"4356",1,1
"4357",NA,NA
"4358",1,1
"4359",1,1
"4360",NA,NA
"4361",1,NA
"4362",1,1
"4363",NA,NA
"4364",1,2
"4365",1,1
"4366",1,1
"4367",1,2
"4368",1,2
"4369",NA,NA
"4370",1,1
"4371",1,1
"4372",1,1
"4373",1,1
"4374",2,2
"4375",1,1
"4376",1,1
"4377",1,1
"4378",1,1
"4379",1,1
"4380",NA,NA
"4381",1,1
"4382",3,2
"4383",NA,NA
"4384",1,1
"4385",1,1
"4386",1,NA
"4387",1,1
"4388",NA,NA
"4389",NA,NA
"4390",NA,NA
"4391",1,1
"4392",1,1
"4393",1,1
"4394",NA,NA
"4395",NA,NA
"4396",1,1
"4397",1,1
"4398",1,2
"4399",1,1
"4400",1,4
"4401",2,1
"4402",1,1
"4403",1,1
"4404",1,1
"4405",1,1
"4406",1,1
"4407",1,1
"4408",1,1
"4409",1,2
"4410",1,1
"4411",1,1
"4412",1,1
"4413",NA,NA
"4414",NA,NA
"4415",1,1
"4416",1,1
"4417",1,1
"4418",1,1
"4419",1,1
"4420",1,1
"4421",1,1
"4422",3,1
"4423",1,1
"4424",NA,NA
"4425",NA,NA
"4426",1,2
"4427",1,1
"4428",1,1
"4429",NA,NA
"4430",3,NA
"4431",1,1
"4432",NA,NA
"4433",1,1
"4434",1,1
"4435",4,2
"4436",1,1
"4437",2,2
"4438",NA,NA
"4439",1,1
"4440",1,1
"4441",2,1
"4442",1,1
"4443",1,1
"4444",1,1
"4445",1,1
"4446",NA,NA
"4447",1,1
"4448",1,1
"4449",1,2
"4450",2,1
"4451",NA,NA
"4452",3,2
"4453",NA,NA
"4454",NA,NA
"4455",1,1
"4456",NA,NA
"4457",1,1
"4458",1,1
"4459",NA,NA
"4460",1,1
"4461",1,1
"4462",1,1
"4463",2,1
"4464",1,1
"4465",NA,NA
"4466",1,1
"4467",1,1
"4468",1,1
"4469",NA,NA
"4470",2,1
"4471",1,1
"4472",NA,NA
"4473",NA,NA
"4474",1,1
"4475",1,1
"4476",2,1
"4477",1,1
"4478",1,1
"4479",1,1
"4480",1,1
"4481",3,3
"4482",2,1
"4483",1,1
"4484",1,1
"4485",1,1
"4486",1,1
"4487",1,1
"4488",1,1
"4489",1,1
"4490",1,1
"4491",NA,NA
"4492",1,1
"4493",NA,NA
"4494",1,1
"4495",NA,NA
"4496",NA,NA
"4497",2,1
"4498",1,1
"4499",NA,NA
"4500",NA,NA
"4501",NA,NA
"4502",2,1
"4503",NA,NA
"4504",1,1
"4505",1,1
"4506",1,1
"4507",1,1
"4508",NA,NA
"4509",1,1
"4510",NA,NA
"4511",1,1
"4512",NA,NA
"4513",3,1
"4514",NA,NA
"4515",NA,NA
"4516",1,1
"4517",1,1
"4518",NA,NA
"4519",NA,NA
"4520",1,1
"4521",1,NA
"4522",2,2
"4523",2,1
"4524",1,1
"4525",NA,NA
"4526",NA,NA
"4527",4,2
"4528",1,1
"4529",1,1
"4530",2,1
"4531",1,1
"4532",NA,NA
"4533",1,1
"4534",1,1
"4535",1,1
"4536",NA,NA
"4537",1,1
"4538",3,1
"4539",NA,NA
"4540",3,1
"4541",1,1
"4542",3,2
"4543",1,1
"4544",1,1
"4545",1,1
"4546",NA,NA
"4547",NA,NA
"4548",NA,NA
"4549",1,1
"4550",NA,NA
"4551",2,1
"4552",NA,NA
"4553",1,NA
"4554",4,4
"4555",1,1
"4556",1,1
"4557",1,1
"4558",1,1
"4559",NA,NA
"4560",1,1
"4561",3,1
"4562",2,1
"4563",NA,NA
"4564",1,1
"4565",1,1
"4566",1,1
"4567",1,1
"4568",NA,NA
"4569",1,1
"4570",1,1
"4571",1,1
"4572",1,1
"4573",3,1
"4574",NA,NA
"4575",1,1
"4576",NA,NA
"4577",1,1
"4578",1,1
"4579",3,1
"4580",2,1
"4581",1,1
"4582",2,1
"4583",2,1
"4584",NA,NA
"4585",NA,NA
"4586",NA,NA
"4587",NA,NA
"4588",1,1
"4589",1,1
"4590",1,1
"4591",1,1
"4592",4,1
"4593",NA,NA
"4594",NA,NA
"4595",1,1
"4596",1,1
"4597",2,1
"4598",1,1
"4599",1,1
"4600",1,1
"4601",NA,NA
"4602",1,1
"4603",1,1
"4604",1,1
"4605",2,1
"4606",1,1
"4607",2,2
"4608",1,1
"4609",2,3
"4610",3,1
"4611",1,1
"4612",NA,NA
"4613",1,1
"4614",1,1
"4615",NA,NA
"4616",NA,NA
"4617",1,1
"4618",1,1
"4619",1,1
"4620",NA,NA
"4621",NA,NA
"4622",1,1
"4623",NA,NA
"4624",1,1
"4625",1,1
"4626",1,1
"4627",1,1
"4628",1,1
"4629",1,1
"4630",1,1
"4631",NA,NA
"4632",4,4
"4633",1,1
"4634",1,1
"4635",NA,NA
"4636",1,1
"4637",NA,NA
"4638",1,1
"4639",1,1
"4640",1,1
"4641",NA,NA
"4642",1,1
"4643",2,1
"4644",NA,NA
"4645",2,1
"4646",1,1
"4647",NA,NA
"4648",NA,NA
"4649",2,1
"4650",1,1
"4651",NA,NA
"4652",1,1
"4653",1,1
"4654",1,1
"4655",1,1
"4656",1,1
"4657",1,1
"4658",1,1
"4659",1,1
"4660",1,1
"4661",1,1
"4662",1,1
"4663",NA,NA
"4664",1,1
"4665",NA,NA
"4666",1,1
"4667",1,1
"4668",NA,NA
"4669",NA,NA
"4670",1,1
"4671",1,1
"4672",1,1
"4673",1,1
"4674",NA,NA
"4675",NA,NA
"4676",1,1
"4677",1,1
"4678",1,1
"4679",1,1
"4680",1,1
"4681",NA,NA
"4682",3,1
"4683",1,1
"4684",1,1
"4685",1,1
"4686",1,1
"4687",NA,NA
"4688",1,1
"4689",1,1
"4690",NA,NA
"4691",1,1
"4692",2,1
"4693",1,1
"4694",NA,NA
"4695",1,1
"4696",1,1
"4697",1,1
"4698",2,1
"4699",1,1
"4700",NA,NA
"4701",1,1
"4702",1,1
"4703",NA,NA
"4704",NA,NA
"4705",1,1
"4706",1,1
"4707",3,1
"4708",NA,NA
"4709",NA,NA
"4710",1,1
"4711",1,3
"4712",1,1
"4713",1,1
"4714",1,1
"4715",1,2
"4716",1,1
"4717",1,1
"4718",1,1
"4719",1,1
"4720",1,1
"4721",2,1
"4722",1,1
"4723",NA,NA
"4724",1,1
"4725",NA,NA
"4726",NA,NA
"4727",1,1
"4728",NA,NA
"4729",NA,NA
"4730",NA,NA
"4731",1,1
"4732",1,1
"4733",1,1
"4734",1,1
"4735",2,1
"4736",2,2
"4737",2,1
"4738",1,1
"4739",NA,NA
"4740",NA,NA
"4741",1,1
"4742",1,2
"4743",1,1
"4744",1,1
"4745",1,1
"4746",1,1
"4747",1,1
"4748",1,1
"4749",2,4
"4750",1,1
"4751",1,1
"4752",2,1
"4753",1,1
"4754",2,1
"4755",1,1
"4756",1,1
"4757",NA,NA
"4758",1,1
"4759",3,2
"4760",NA,NA
"4761",1,1
"4762",NA,NA
"4763",1,1
"4764",1,1
"4765",1,1
"4766",NA,NA
"4767",1,1
"4768",1,1
"4769",2,1
"4770",1,1
"4771",1,1
"4772",NA,NA
"4773",NA,NA
"4774",NA,NA
"4775",3,2
"4776",1,1
"4777",2,1
"4778",NA,NA
"4779",1,1
"4780",NA,NA
"4781",1,1
"4782",1,1
"4783",2,2
"4784",NA,NA
"4785",2,1
"4786",1,1
"4787",NA,NA
"4788",1,1
"4789",1,1
"4790",1,1
"4791",2,1
"4792",1,1
"4793",1,1
"4794",1,1
"4795",1,1
"4796",1,1
"4797",1,1
"4798",1,2
"4799",NA,NA
"4800",1,1
"4801",1,1
"4802",NA,NA
"4803",2,1
"4804",NA,NA
"4805",1,1
"4806",1,1
"4807",NA,NA
"4808",1,1
"4809",NA,NA
"4810",1,1
"4811",1,1
"4812",NA,NA
"4813",1,1
"4814",NA,NA
"4815",1,1
"4816",1,1
"4817",1,1
"4818",NA,NA
"4819",2,1
"4820",1,1
"4821",NA,1
"4822",1,1
"4823",1,1
"4824",NA,NA
"4825",1,1
"4826",NA,NA
"4827",1,1
"4828",1,1
"4829",NA,NA
"4830",1,1
"4831",2,1
"4832",1,1
"4833",1,1
"4834",1,1
"4835",NA,NA
"4836",2,1
"4837",1,1
"4838",1,1
"4839",1,1
"4840",1,1
"4841",1,1
"4842",1,1
"4843",1,1
"4844",NA,NA
"4845",NA,NA
